# RoastEngine Backrooms level
mtllib backrooms.mtl
v 809.9500 0.0000 -17.0500
v 809.9500 0.0000 -14.4500
v 812.5500 0.0000 -14.4500
v 812.5500 0.0000 -17.0500
v 809.9500 3.0000 -17.0500
v 812.5500 3.0000 -17.0500
v 812.5500 3.0000 -14.4500
v 809.9500 3.0000 -14.4500
v 809.9500 0.0000 -17.0500
v 812.5500 0.0000 -17.0500
v 812.5500 3.0000 -17.0500
v 809.9500 3.0000 -17.0500
v 812.5500 0.0000 -14.4500
v 809.9500 0.0000 -14.4500
v 809.9500 3.0000 -14.4500
v 812.5500 3.0000 -14.4500
v 812.5500 0.0000 -17.0500
v 812.5500 0.0000 -14.4500
v 812.5500 3.0000 -14.4500
v 812.5500 3.0000 -17.0500
v 809.9500 0.0000 -14.4500
v 809.9500 0.0000 -17.0500
v 809.9500 3.0000 -17.0500
v 809.9500 3.0000 -14.4500
v 812.2000 0.0000 -17.0500
v 812.2000 0.0000 -14.4500
v 814.8000 0.0000 -14.4500
v 814.8000 0.0000 -17.0500
v 812.2000 3.0000 -17.0500
v 814.8000 3.0000 -17.0500
v 814.8000 3.0000 -14.4500
v 812.2000 3.0000 -14.4500
v 812.2000 0.0000 -17.0500
v 814.8000 0.0000 -17.0500
v 814.8000 3.0000 -17.0500
v 812.2000 3.0000 -17.0500
v 814.8000 0.0000 -14.4500
v 812.2000 0.0000 -14.4500
v 812.2000 3.0000 -14.4500
v 814.8000 3.0000 -14.4500
v 814.8000 0.0000 -17.0500
v 814.8000 0.0000 -14.4500
v 814.8000 3.0000 -14.4500
v 814.8000 3.0000 -17.0500
v 812.2000 0.0000 -14.4500
v 812.2000 0.0000 -17.0500
v 812.2000 3.0000 -17.0500
v 812.2000 3.0000 -14.4500
v 814.4500 0.0000 -17.0500
v 814.4500 0.0000 -14.4500
v 817.0500 0.0000 -14.4500
v 817.0500 0.0000 -17.0500
v 814.4500 3.0000 -17.0500
v 817.0500 3.0000 -17.0500
v 817.0500 3.0000 -14.4500
v 814.4500 3.0000 -14.4500
v 814.4500 0.0000 -17.0500
v 817.0500 0.0000 -17.0500
v 817.0500 3.0000 -17.0500
v 814.4500 3.0000 -17.0500
v 817.0500 0.0000 -14.4500
v 814.4500 0.0000 -14.4500
v 814.4500 3.0000 -14.4500
v 817.0500 3.0000 -14.4500
v 817.0500 0.0000 -17.0500
v 817.0500 0.0000 -14.4500
v 817.0500 3.0000 -14.4500
v 817.0500 3.0000 -17.0500
v 814.4500 0.0000 -14.4500
v 814.4500 0.0000 -17.0500
v 814.4500 3.0000 -17.0500
v 814.4500 3.0000 -14.4500
v 823.4500 0.0000 -17.0500
v 823.4500 0.0000 -14.4500
v 826.0500 0.0000 -14.4500
v 826.0500 0.0000 -17.0500
v 823.4500 3.0000 -17.0500
v 826.0500 3.0000 -17.0500
v 826.0500 3.0000 -14.4500
v 823.4500 3.0000 -14.4500
v 823.4500 0.0000 -17.0500
v 826.0500 0.0000 -17.0500
v 826.0500 3.0000 -17.0500
v 823.4500 3.0000 -17.0500
v 826.0500 0.0000 -14.4500
v 823.4500 0.0000 -14.4500
v 823.4500 3.0000 -14.4500
v 826.0500 3.0000 -14.4500
v 826.0500 0.0000 -17.0500
v 826.0500 0.0000 -14.4500
v 826.0500 3.0000 -14.4500
v 826.0500 3.0000 -17.0500
v 823.4500 0.0000 -14.4500
v 823.4500 0.0000 -17.0500
v 823.4500 3.0000 -17.0500
v 823.4500 3.0000 -14.4500
v 827.9500 0.0000 -17.0500
v 827.9500 0.0000 -14.4500
v 830.5500 0.0000 -14.4500
v 830.5500 0.0000 -17.0500
v 827.9500 3.0000 -17.0500
v 830.5500 3.0000 -17.0500
v 830.5500 3.0000 -14.4500
v 827.9500 3.0000 -14.4500
v 827.9500 0.0000 -17.0500
v 830.5500 0.0000 -17.0500
v 830.5500 3.0000 -17.0500
v 827.9500 3.0000 -17.0500
v 830.5500 0.0000 -14.4500
v 827.9500 0.0000 -14.4500
v 827.9500 3.0000 -14.4500
v 830.5500 3.0000 -14.4500
v 830.5500 0.0000 -17.0500
v 830.5500 0.0000 -14.4500
v 830.5500 3.0000 -14.4500
v 830.5500 3.0000 -17.0500
v 827.9500 0.0000 -14.4500
v 827.9500 0.0000 -17.0500
v 827.9500 3.0000 -17.0500
v 827.9500 3.0000 -14.4500
v 832.4500 0.0000 -17.0500
v 832.4500 0.0000 -14.4500
v 835.0500 0.0000 -14.4500
v 835.0500 0.0000 -17.0500
v 832.4500 3.0000 -17.0500
v 835.0500 3.0000 -17.0500
v 835.0500 3.0000 -14.4500
v 832.4500 3.0000 -14.4500
v 832.4500 0.0000 -17.0500
v 835.0500 0.0000 -17.0500
v 835.0500 3.0000 -17.0500
v 832.4500 3.0000 -17.0500
v 835.0500 0.0000 -14.4500
v 832.4500 0.0000 -14.4500
v 832.4500 3.0000 -14.4500
v 835.0500 3.0000 -14.4500
v 835.0500 0.0000 -17.0500
v 835.0500 0.0000 -14.4500
v 835.0500 3.0000 -14.4500
v 835.0500 3.0000 -17.0500
v 832.4500 0.0000 -14.4500
v 832.4500 0.0000 -17.0500
v 832.4500 3.0000 -17.0500
v 832.4500 3.0000 -14.4500
v 834.7000 0.0000 -17.0500
v 834.7000 0.0000 -14.4500
v 837.3000 0.0000 -14.4500
v 837.3000 0.0000 -17.0500
v 834.7000 3.0000 -17.0500
v 837.3000 3.0000 -17.0500
v 837.3000 3.0000 -14.4500
v 834.7000 3.0000 -14.4500
v 834.7000 0.0000 -17.0500
v 837.3000 0.0000 -17.0500
v 837.3000 3.0000 -17.0500
v 834.7000 3.0000 -17.0500
v 837.3000 0.0000 -14.4500
v 834.7000 0.0000 -14.4500
v 834.7000 3.0000 -14.4500
v 837.3000 3.0000 -14.4500
v 837.3000 0.0000 -17.0500
v 837.3000 0.0000 -14.4500
v 837.3000 3.0000 -14.4500
v 837.3000 3.0000 -17.0500
v 834.7000 0.0000 -14.4500
v 834.7000 0.0000 -17.0500
v 834.7000 3.0000 -17.0500
v 834.7000 3.0000 -14.4500
v 823.4500 0.0000 -14.8000
v 823.4500 0.0000 -12.2000
v 826.0500 0.0000 -12.2000
v 826.0500 0.0000 -14.8000
v 823.4500 3.0000 -14.8000
v 826.0500 3.0000 -14.8000
v 826.0500 3.0000 -12.2000
v 823.4500 3.0000 -12.2000
v 823.4500 0.0000 -14.8000
v 826.0500 0.0000 -14.8000
v 826.0500 3.0000 -14.8000
v 823.4500 3.0000 -14.8000
v 826.0500 0.0000 -12.2000
v 823.4500 0.0000 -12.2000
v 823.4500 3.0000 -12.2000
v 826.0500 3.0000 -12.2000
v 826.0500 0.0000 -14.8000
v 826.0500 0.0000 -12.2000
v 826.0500 3.0000 -12.2000
v 826.0500 3.0000 -14.8000
v 823.4500 0.0000 -12.2000
v 823.4500 0.0000 -14.8000
v 823.4500 3.0000 -14.8000
v 823.4500 3.0000 -12.2000
v 827.9500 0.0000 -14.8000
v 827.9500 0.0000 -12.2000
v 830.5500 0.0000 -12.2000
v 830.5500 0.0000 -14.8000
v 827.9500 3.0000 -14.8000
v 830.5500 3.0000 -14.8000
v 830.5500 3.0000 -12.2000
v 827.9500 3.0000 -12.2000
v 827.9500 0.0000 -14.8000
v 830.5500 0.0000 -14.8000
v 830.5500 3.0000 -14.8000
v 827.9500 3.0000 -14.8000
v 830.5500 0.0000 -12.2000
v 827.9500 0.0000 -12.2000
v 827.9500 3.0000 -12.2000
v 830.5500 3.0000 -12.2000
v 830.5500 0.0000 -14.8000
v 830.5500 0.0000 -12.2000
v 830.5500 3.0000 -12.2000
v 830.5500 3.0000 -14.8000
v 827.9500 0.0000 -12.2000
v 827.9500 0.0000 -14.8000
v 827.9500 3.0000 -14.8000
v 827.9500 3.0000 -12.2000
v 809.9500 0.0000 -12.5500
v 809.9500 0.0000 -9.9500
v 812.5500 0.0000 -9.9500
v 812.5500 0.0000 -12.5500
v 809.9500 3.0000 -12.5500
v 812.5500 3.0000 -12.5500
v 812.5500 3.0000 -9.9500
v 809.9500 3.0000 -9.9500
v 809.9500 0.0000 -12.5500
v 812.5500 0.0000 -12.5500
v 812.5500 3.0000 -12.5500
v 809.9500 3.0000 -12.5500
v 812.5500 0.0000 -9.9500
v 809.9500 0.0000 -9.9500
v 809.9500 3.0000 -9.9500
v 812.5500 3.0000 -9.9500
v 812.5500 0.0000 -12.5500
v 812.5500 0.0000 -9.9500
v 812.5500 3.0000 -9.9500
v 812.5500 3.0000 -12.5500
v 809.9500 0.0000 -9.9500
v 809.9500 0.0000 -12.5500
v 809.9500 3.0000 -12.5500
v 809.9500 3.0000 -9.9500
v 814.4500 0.0000 -12.5500
v 814.4500 0.0000 -9.9500
v 817.0500 0.0000 -9.9500
v 817.0500 0.0000 -12.5500
v 814.4500 3.0000 -12.5500
v 817.0500 3.0000 -12.5500
v 817.0500 3.0000 -9.9500
v 814.4500 3.0000 -9.9500
v 814.4500 0.0000 -12.5500
v 817.0500 0.0000 -12.5500
v 817.0500 3.0000 -12.5500
v 814.4500 3.0000 -12.5500
v 817.0500 0.0000 -9.9500
v 814.4500 0.0000 -9.9500
v 814.4500 3.0000 -9.9500
v 817.0500 3.0000 -9.9500
v 817.0500 0.0000 -12.5500
v 817.0500 0.0000 -9.9500
v 817.0500 3.0000 -9.9500
v 817.0500 3.0000 -12.5500
v 814.4500 0.0000 -9.9500
v 814.4500 0.0000 -12.5500
v 814.4500 3.0000 -12.5500
v 814.4500 3.0000 -9.9500
v 823.4500 0.0000 -12.5500
v 823.4500 0.0000 -9.9500
v 826.0500 0.0000 -9.9500
v 826.0500 0.0000 -12.5500
v 823.4500 3.0000 -12.5500
v 826.0500 3.0000 -12.5500
v 826.0500 3.0000 -9.9500
v 823.4500 3.0000 -9.9500
v 823.4500 0.0000 -12.5500
v 826.0500 0.0000 -12.5500
v 826.0500 3.0000 -12.5500
v 823.4500 3.0000 -12.5500
v 826.0500 0.0000 -9.9500
v 823.4500 0.0000 -9.9500
v 823.4500 3.0000 -9.9500
v 826.0500 3.0000 -9.9500
v 826.0500 0.0000 -12.5500
v 826.0500 0.0000 -9.9500
v 826.0500 3.0000 -9.9500
v 826.0500 3.0000 -12.5500
v 823.4500 0.0000 -9.9500
v 823.4500 0.0000 -12.5500
v 823.4500 3.0000 -12.5500
v 823.4500 3.0000 -9.9500
v 827.9500 0.0000 -12.5500
v 827.9500 0.0000 -9.9500
v 830.5500 0.0000 -9.9500
v 830.5500 0.0000 -12.5500
v 827.9500 3.0000 -12.5500
v 830.5500 3.0000 -12.5500
v 830.5500 3.0000 -9.9500
v 827.9500 3.0000 -9.9500
v 827.9500 0.0000 -12.5500
v 830.5500 0.0000 -12.5500
v 830.5500 3.0000 -12.5500
v 827.9500 3.0000 -12.5500
v 830.5500 0.0000 -9.9500
v 827.9500 0.0000 -9.9500
v 827.9500 3.0000 -9.9500
v 830.5500 3.0000 -9.9500
v 830.5500 0.0000 -12.5500
v 830.5500 0.0000 -9.9500
v 830.5500 3.0000 -9.9500
v 830.5500 3.0000 -12.5500
v 827.9500 0.0000 -9.9500
v 827.9500 0.0000 -12.5500
v 827.9500 3.0000 -12.5500
v 827.9500 3.0000 -9.9500
v 830.2000 0.0000 -12.5500
v 830.2000 0.0000 -9.9500
v 832.8000 0.0000 -9.9500
v 832.8000 0.0000 -12.5500
v 830.2000 3.0000 -12.5500
v 832.8000 3.0000 -12.5500
v 832.8000 3.0000 -9.9500
v 830.2000 3.0000 -9.9500
v 830.2000 0.0000 -12.5500
v 832.8000 0.0000 -12.5500
v 832.8000 3.0000 -12.5500
v 830.2000 3.0000 -12.5500
v 832.8000 0.0000 -9.9500
v 830.2000 0.0000 -9.9500
v 830.2000 3.0000 -9.9500
v 832.8000 3.0000 -9.9500
v 832.8000 0.0000 -12.5500
v 832.8000 0.0000 -9.9500
v 832.8000 3.0000 -9.9500
v 832.8000 3.0000 -12.5500
v 830.2000 0.0000 -9.9500
v 830.2000 0.0000 -12.5500
v 830.2000 3.0000 -12.5500
v 830.2000 3.0000 -9.9500
v 832.4500 0.0000 -12.5500
v 832.4500 0.0000 -9.9500
v 835.0500 0.0000 -9.9500
v 835.0500 0.0000 -12.5500
v 832.4500 3.0000 -12.5500
v 835.0500 3.0000 -12.5500
v 835.0500 3.0000 -9.9500
v 832.4500 3.0000 -9.9500
v 832.4500 0.0000 -12.5500
v 835.0500 0.0000 -12.5500
v 835.0500 3.0000 -12.5500
v 832.4500 3.0000 -12.5500
v 835.0500 0.0000 -9.9500
v 832.4500 0.0000 -9.9500
v 832.4500 3.0000 -9.9500
v 835.0500 3.0000 -9.9500
v 835.0500 0.0000 -12.5500
v 835.0500 0.0000 -9.9500
v 835.0500 3.0000 -9.9500
v 835.0500 3.0000 -12.5500
v 832.4500 0.0000 -9.9500
v 832.4500 0.0000 -12.5500
v 832.4500 3.0000 -12.5500
v 832.4500 3.0000 -9.9500
v 809.9500 0.0000 -10.3000
v 809.9500 0.0000 -7.7000
v 812.5500 0.0000 -7.7000
v 812.5500 0.0000 -10.3000
v 809.9500 3.0000 -10.3000
v 812.5500 3.0000 -10.3000
v 812.5500 3.0000 -7.7000
v 809.9500 3.0000 -7.7000
v 809.9500 0.0000 -10.3000
v 812.5500 0.0000 -10.3000
v 812.5500 3.0000 -10.3000
v 809.9500 3.0000 -10.3000
v 812.5500 0.0000 -7.7000
v 809.9500 0.0000 -7.7000
v 809.9500 3.0000 -7.7000
v 812.5500 3.0000 -7.7000
v 812.5500 0.0000 -10.3000
v 812.5500 0.0000 -7.7000
v 812.5500 3.0000 -7.7000
v 812.5500 3.0000 -10.3000
v 809.9500 0.0000 -7.7000
v 809.9500 0.0000 -10.3000
v 809.9500 3.0000 -10.3000
v 809.9500 3.0000 -7.7000
v 814.4500 0.0000 -10.3000
v 814.4500 0.0000 -7.7000
v 817.0500 0.0000 -7.7000
v 817.0500 0.0000 -10.3000
v 814.4500 3.0000 -10.3000
v 817.0500 3.0000 -10.3000
v 817.0500 3.0000 -7.7000
v 814.4500 3.0000 -7.7000
v 814.4500 0.0000 -10.3000
v 817.0500 0.0000 -10.3000
v 817.0500 3.0000 -10.3000
v 814.4500 3.0000 -10.3000
v 817.0500 0.0000 -7.7000
v 814.4500 0.0000 -7.7000
v 814.4500 3.0000 -7.7000
v 817.0500 3.0000 -7.7000
v 817.0500 0.0000 -10.3000
v 817.0500 0.0000 -7.7000
v 817.0500 3.0000 -7.7000
v 817.0500 3.0000 -10.3000
v 814.4500 0.0000 -7.7000
v 814.4500 0.0000 -10.3000
v 814.4500 3.0000 -10.3000
v 814.4500 3.0000 -7.7000
v 809.9500 0.0000 -8.0500
v 809.9500 0.0000 -5.4500
v 812.5500 0.0000 -5.4500
v 812.5500 0.0000 -8.0500
v 809.9500 3.0000 -8.0500
v 812.5500 3.0000 -8.0500
v 812.5500 3.0000 -5.4500
v 809.9500 3.0000 -5.4500
v 809.9500 0.0000 -8.0500
v 812.5500 0.0000 -8.0500
v 812.5500 3.0000 -8.0500
v 809.9500 3.0000 -8.0500
v 812.5500 0.0000 -5.4500
v 809.9500 0.0000 -5.4500
v 809.9500 3.0000 -5.4500
v 812.5500 3.0000 -5.4500
v 812.5500 0.0000 -8.0500
v 812.5500 0.0000 -5.4500
v 812.5500 3.0000 -5.4500
v 812.5500 3.0000 -8.0500
v 809.9500 0.0000 -5.4500
v 809.9500 0.0000 -8.0500
v 809.9500 3.0000 -8.0500
v 809.9500 3.0000 -5.4500
v 814.4500 0.0000 -8.0500
v 814.4500 0.0000 -5.4500
v 817.0500 0.0000 -5.4500
v 817.0500 0.0000 -8.0500
v 814.4500 3.0000 -8.0500
v 817.0500 3.0000 -8.0500
v 817.0500 3.0000 -5.4500
v 814.4500 3.0000 -5.4500
v 814.4500 0.0000 -8.0500
v 817.0500 0.0000 -8.0500
v 817.0500 3.0000 -8.0500
v 814.4500 3.0000 -8.0500
v 817.0500 0.0000 -5.4500
v 814.4500 0.0000 -5.4500
v 814.4500 3.0000 -5.4500
v 817.0500 3.0000 -5.4500
v 817.0500 0.0000 -8.0500
v 817.0500 0.0000 -5.4500
v 817.0500 3.0000 -5.4500
v 817.0500 3.0000 -8.0500
v 814.4500 0.0000 -5.4500
v 814.4500 0.0000 -8.0500
v 814.4500 3.0000 -8.0500
v 814.4500 3.0000 -5.4500
v 816.7000 0.0000 -8.0500
v 816.7000 0.0000 -5.4500
v 819.3000 0.0000 -5.4500
v 819.3000 0.0000 -8.0500
v 816.7000 3.0000 -8.0500
v 819.3000 3.0000 -8.0500
v 819.3000 3.0000 -5.4500
v 816.7000 3.0000 -5.4500
v 816.7000 0.0000 -8.0500
v 819.3000 0.0000 -8.0500
v 819.3000 3.0000 -8.0500
v 816.7000 3.0000 -8.0500
v 819.3000 0.0000 -5.4500
v 816.7000 0.0000 -5.4500
v 816.7000 3.0000 -5.4500
v 819.3000 3.0000 -5.4500
v 819.3000 0.0000 -8.0500
v 819.3000 0.0000 -5.4500
v 819.3000 3.0000 -5.4500
v 819.3000 3.0000 -8.0500
v 816.7000 0.0000 -5.4500
v 816.7000 0.0000 -8.0500
v 816.7000 3.0000 -8.0500
v 816.7000 3.0000 -5.4500
v 818.9500 0.0000 -8.0500
v 818.9500 0.0000 -5.4500
v 821.5500 0.0000 -5.4500
v 821.5500 0.0000 -8.0500
v 818.9500 3.0000 -8.0500
v 821.5500 3.0000 -8.0500
v 821.5500 3.0000 -5.4500
v 818.9500 3.0000 -5.4500
v 818.9500 0.0000 -8.0500
v 821.5500 0.0000 -8.0500
v 821.5500 3.0000 -8.0500
v 818.9500 3.0000 -8.0500
v 821.5500 0.0000 -5.4500
v 818.9500 0.0000 -5.4500
v 818.9500 3.0000 -5.4500
v 821.5500 3.0000 -5.4500
v 821.5500 0.0000 -8.0500
v 821.5500 0.0000 -5.4500
v 821.5500 3.0000 -5.4500
v 821.5500 3.0000 -8.0500
v 818.9500 0.0000 -5.4500
v 818.9500 0.0000 -8.0500
v 818.9500 3.0000 -8.0500
v 818.9500 3.0000 -5.4500
v 821.2000 0.0000 -8.0500
v 821.2000 0.0000 -5.4500
v 823.8000 0.0000 -5.4500
v 823.8000 0.0000 -8.0500
v 821.2000 3.0000 -8.0500
v 823.8000 3.0000 -8.0500
v 823.8000 3.0000 -5.4500
v 821.2000 3.0000 -5.4500
v 821.2000 0.0000 -8.0500
v 823.8000 0.0000 -8.0500
v 823.8000 3.0000 -8.0500
v 821.2000 3.0000 -8.0500
v 823.8000 0.0000 -5.4500
v 821.2000 0.0000 -5.4500
v 821.2000 3.0000 -5.4500
v 823.8000 3.0000 -5.4500
v 823.8000 0.0000 -8.0500
v 823.8000 0.0000 -5.4500
v 823.8000 3.0000 -5.4500
v 823.8000 3.0000 -8.0500
v 821.2000 0.0000 -5.4500
v 821.2000 0.0000 -8.0500
v 821.2000 3.0000 -8.0500
v 821.2000 3.0000 -5.4500
v 823.4500 0.0000 -8.0500
v 823.4500 0.0000 -5.4500
v 826.0500 0.0000 -5.4500
v 826.0500 0.0000 -8.0500
v 823.4500 3.0000 -8.0500
v 826.0500 3.0000 -8.0500
v 826.0500 3.0000 -5.4500
v 823.4500 3.0000 -5.4500
v 823.4500 0.0000 -8.0500
v 826.0500 0.0000 -8.0500
v 826.0500 3.0000 -8.0500
v 823.4500 3.0000 -8.0500
v 826.0500 0.0000 -5.4500
v 823.4500 0.0000 -5.4500
v 823.4500 3.0000 -5.4500
v 826.0500 3.0000 -5.4500
v 826.0500 0.0000 -8.0500
v 826.0500 0.0000 -5.4500
v 826.0500 3.0000 -5.4500
v 826.0500 3.0000 -8.0500
v 823.4500 0.0000 -5.4500
v 823.4500 0.0000 -8.0500
v 823.4500 3.0000 -8.0500
v 823.4500 3.0000 -5.4500
v 827.9500 0.0000 -8.0500
v 827.9500 0.0000 -5.4500
v 830.5500 0.0000 -5.4500
v 830.5500 0.0000 -8.0500
v 827.9500 3.0000 -8.0500
v 830.5500 3.0000 -8.0500
v 830.5500 3.0000 -5.4500
v 827.9500 3.0000 -5.4500
v 827.9500 0.0000 -8.0500
v 830.5500 0.0000 -8.0500
v 830.5500 3.0000 -8.0500
v 827.9500 3.0000 -8.0500
v 830.5500 0.0000 -5.4500
v 827.9500 0.0000 -5.4500
v 827.9500 3.0000 -5.4500
v 830.5500 3.0000 -5.4500
v 830.5500 0.0000 -8.0500
v 830.5500 0.0000 -5.4500
v 830.5500 3.0000 -5.4500
v 830.5500 3.0000 -8.0500
v 827.9500 0.0000 -5.4500
v 827.9500 0.0000 -8.0500
v 827.9500 3.0000 -8.0500
v 827.9500 3.0000 -5.4500
v 830.2000 0.0000 -8.0500
v 830.2000 0.0000 -5.4500
v 832.8000 0.0000 -5.4500
v 832.8000 0.0000 -8.0500
v 830.2000 3.0000 -8.0500
v 832.8000 3.0000 -8.0500
v 832.8000 3.0000 -5.4500
v 830.2000 3.0000 -5.4500
v 830.2000 0.0000 -8.0500
v 832.8000 0.0000 -8.0500
v 832.8000 3.0000 -8.0500
v 830.2000 3.0000 -8.0500
v 832.8000 0.0000 -5.4500
v 830.2000 0.0000 -5.4500
v 830.2000 3.0000 -5.4500
v 832.8000 3.0000 -5.4500
v 832.8000 0.0000 -8.0500
v 832.8000 0.0000 -5.4500
v 832.8000 3.0000 -5.4500
v 832.8000 3.0000 -8.0500
v 830.2000 0.0000 -5.4500
v 830.2000 0.0000 -8.0500
v 830.2000 3.0000 -8.0500
v 830.2000 3.0000 -5.4500
v 832.4500 0.0000 -8.0500
v 832.4500 0.0000 -5.4500
v 835.0500 0.0000 -5.4500
v 835.0500 0.0000 -8.0500
v 832.4500 3.0000 -8.0500
v 835.0500 3.0000 -8.0500
v 835.0500 3.0000 -5.4500
v 832.4500 3.0000 -5.4500
v 832.4500 0.0000 -8.0500
v 835.0500 0.0000 -8.0500
v 835.0500 3.0000 -8.0500
v 832.4500 3.0000 -8.0500
v 835.0500 0.0000 -5.4500
v 832.4500 0.0000 -5.4500
v 832.4500 3.0000 -5.4500
v 835.0500 3.0000 -5.4500
v 835.0500 0.0000 -8.0500
v 835.0500 0.0000 -5.4500
v 835.0500 3.0000 -5.4500
v 835.0500 3.0000 -8.0500
v 832.4500 0.0000 -5.4500
v 832.4500 0.0000 -8.0500
v 832.4500 3.0000 -8.0500
v 832.4500 3.0000 -5.4500
v 834.7000 0.0000 -8.0500
v 834.7000 0.0000 -5.4500
v 837.3000 0.0000 -5.4500
v 837.3000 0.0000 -8.0500
v 834.7000 3.0000 -8.0500
v 837.3000 3.0000 -8.0500
v 837.3000 3.0000 -5.4500
v 834.7000 3.0000 -5.4500
v 834.7000 0.0000 -8.0500
v 837.3000 0.0000 -8.0500
v 837.3000 3.0000 -8.0500
v 834.7000 3.0000 -8.0500
v 837.3000 0.0000 -5.4500
v 834.7000 0.0000 -5.4500
v 834.7000 3.0000 -5.4500
v 837.3000 3.0000 -5.4500
v 837.3000 0.0000 -8.0500
v 837.3000 0.0000 -5.4500
v 837.3000 3.0000 -5.4500
v 837.3000 3.0000 -8.0500
v 834.7000 0.0000 -5.4500
v 834.7000 0.0000 -8.0500
v 834.7000 3.0000 -8.0500
v 834.7000 3.0000 -5.4500
v 809.9500 0.0000 -5.8000
v 809.9500 0.0000 -3.2000
v 812.5500 0.0000 -3.2000
v 812.5500 0.0000 -5.8000
v 809.9500 3.0000 -5.8000
v 812.5500 3.0000 -5.8000
v 812.5500 3.0000 -3.2000
v 809.9500 3.0000 -3.2000
v 809.9500 0.0000 -5.8000
v 812.5500 0.0000 -5.8000
v 812.5500 3.0000 -5.8000
v 809.9500 3.0000 -5.8000
v 812.5500 0.0000 -3.2000
v 809.9500 0.0000 -3.2000
v 809.9500 3.0000 -3.2000
v 812.5500 3.0000 -3.2000
v 812.5500 0.0000 -5.8000
v 812.5500 0.0000 -3.2000
v 812.5500 3.0000 -3.2000
v 812.5500 3.0000 -5.8000
v 809.9500 0.0000 -3.2000
v 809.9500 0.0000 -5.8000
v 809.9500 3.0000 -5.8000
v 809.9500 3.0000 -3.2000
v 814.4500 0.0000 -5.8000
v 814.4500 0.0000 -3.2000
v 817.0500 0.0000 -3.2000
v 817.0500 0.0000 -5.8000
v 814.4500 3.0000 -5.8000
v 817.0500 3.0000 -5.8000
v 817.0500 3.0000 -3.2000
v 814.4500 3.0000 -3.2000
v 814.4500 0.0000 -5.8000
v 817.0500 0.0000 -5.8000
v 817.0500 3.0000 -5.8000
v 814.4500 3.0000 -5.8000
v 817.0500 0.0000 -3.2000
v 814.4500 0.0000 -3.2000
v 814.4500 3.0000 -3.2000
v 817.0500 3.0000 -3.2000
v 817.0500 0.0000 -5.8000
v 817.0500 0.0000 -3.2000
v 817.0500 3.0000 -3.2000
v 817.0500 3.0000 -5.8000
v 814.4500 0.0000 -3.2000
v 814.4500 0.0000 -5.8000
v 814.4500 3.0000 -5.8000
v 814.4500 3.0000 -3.2000
v 809.9500 0.0000 -3.5500
v 809.9500 0.0000 -0.9500
v 812.5500 0.0000 -0.9500
v 812.5500 0.0000 -3.5500
v 809.9500 3.0000 -3.5500
v 812.5500 3.0000 -3.5500
v 812.5500 3.0000 -0.9500
v 809.9500 3.0000 -0.9500
v 809.9500 0.0000 -3.5500
v 812.5500 0.0000 -3.5500
v 812.5500 3.0000 -3.5500
v 809.9500 3.0000 -3.5500
v 812.5500 0.0000 -0.9500
v 809.9500 0.0000 -0.9500
v 809.9500 3.0000 -0.9500
v 812.5500 3.0000 -0.9500
v 812.5500 0.0000 -3.5500
v 812.5500 0.0000 -0.9500
v 812.5500 3.0000 -0.9500
v 812.5500 3.0000 -3.5500
v 809.9500 0.0000 -0.9500
v 809.9500 0.0000 -3.5500
v 809.9500 3.0000 -3.5500
v 809.9500 3.0000 -0.9500
v 814.4500 0.0000 -3.5500
v 814.4500 0.0000 -0.9500
v 817.0500 0.0000 -0.9500
v 817.0500 0.0000 -3.5500
v 814.4500 3.0000 -3.5500
v 817.0500 3.0000 -3.5500
v 817.0500 3.0000 -0.9500
v 814.4500 3.0000 -0.9500
v 814.4500 0.0000 -3.5500
v 817.0500 0.0000 -3.5500
v 817.0500 3.0000 -3.5500
v 814.4500 3.0000 -3.5500
v 817.0500 0.0000 -0.9500
v 814.4500 0.0000 -0.9500
v 814.4500 3.0000 -0.9500
v 817.0500 3.0000 -0.9500
v 817.0500 0.0000 -3.5500
v 817.0500 0.0000 -0.9500
v 817.0500 3.0000 -0.9500
v 817.0500 3.0000 -3.5500
v 814.4500 0.0000 -0.9500
v 814.4500 0.0000 -3.5500
v 814.4500 3.0000 -3.5500
v 814.4500 3.0000 -0.9500
v 823.4500 0.0000 -3.5500
v 823.4500 0.0000 -0.9500
v 826.0500 0.0000 -0.9500
v 826.0500 0.0000 -3.5500
v 823.4500 3.0000 -3.5500
v 826.0500 3.0000 -3.5500
v 826.0500 3.0000 -0.9500
v 823.4500 3.0000 -0.9500
v 823.4500 0.0000 -3.5500
v 826.0500 0.0000 -3.5500
v 826.0500 3.0000 -3.5500
v 823.4500 3.0000 -3.5500
v 826.0500 0.0000 -0.9500
v 823.4500 0.0000 -0.9500
v 823.4500 3.0000 -0.9500
v 826.0500 3.0000 -0.9500
v 826.0500 0.0000 -3.5500
v 826.0500 0.0000 -0.9500
v 826.0500 3.0000 -0.9500
v 826.0500 3.0000 -3.5500
v 823.4500 0.0000 -0.9500
v 823.4500 0.0000 -3.5500
v 823.4500 3.0000 -3.5500
v 823.4500 3.0000 -0.9500
v 825.7000 0.0000 -3.5500
v 825.7000 0.0000 -0.9500
v 828.3000 0.0000 -0.9500
v 828.3000 0.0000 -3.5500
v 825.7000 3.0000 -3.5500
v 828.3000 3.0000 -3.5500
v 828.3000 3.0000 -0.9500
v 825.7000 3.0000 -0.9500
v 825.7000 0.0000 -3.5500
v 828.3000 0.0000 -3.5500
v 828.3000 3.0000 -3.5500
v 825.7000 3.0000 -3.5500
v 828.3000 0.0000 -0.9500
v 825.7000 0.0000 -0.9500
v 825.7000 3.0000 -0.9500
v 828.3000 3.0000 -0.9500
v 828.3000 0.0000 -3.5500
v 828.3000 0.0000 -0.9500
v 828.3000 3.0000 -0.9500
v 828.3000 3.0000 -3.5500
v 825.7000 0.0000 -0.9500
v 825.7000 0.0000 -3.5500
v 825.7000 3.0000 -3.5500
v 825.7000 3.0000 -0.9500
v 827.9500 0.0000 -3.5500
v 827.9500 0.0000 -0.9500
v 830.5500 0.0000 -0.9500
v 830.5500 0.0000 -3.5500
v 827.9500 3.0000 -3.5500
v 830.5500 3.0000 -3.5500
v 830.5500 3.0000 -0.9500
v 827.9500 3.0000 -0.9500
v 827.9500 0.0000 -3.5500
v 830.5500 0.0000 -3.5500
v 830.5500 3.0000 -3.5500
v 827.9500 3.0000 -3.5500
v 830.5500 0.0000 -0.9500
v 827.9500 0.0000 -0.9500
v 827.9500 3.0000 -0.9500
v 830.5500 3.0000 -0.9500
v 830.5500 0.0000 -3.5500
v 830.5500 0.0000 -0.9500
v 830.5500 3.0000 -0.9500
v 830.5500 3.0000 -3.5500
v 827.9500 0.0000 -0.9500
v 827.9500 0.0000 -3.5500
v 827.9500 3.0000 -3.5500
v 827.9500 3.0000 -0.9500
v 830.2000 0.0000 -3.5500
v 830.2000 0.0000 -0.9500
v 832.8000 0.0000 -0.9500
v 832.8000 0.0000 -3.5500
v 830.2000 3.0000 -3.5500
v 832.8000 3.0000 -3.5500
v 832.8000 3.0000 -0.9500
v 830.2000 3.0000 -0.9500
v 830.2000 0.0000 -3.5500
v 832.8000 0.0000 -3.5500
v 832.8000 3.0000 -3.5500
v 830.2000 3.0000 -3.5500
v 832.8000 0.0000 -0.9500
v 830.2000 0.0000 -0.9500
v 830.2000 3.0000 -0.9500
v 832.8000 3.0000 -0.9500
v 832.8000 0.0000 -3.5500
v 832.8000 0.0000 -0.9500
v 832.8000 3.0000 -0.9500
v 832.8000 3.0000 -3.5500
v 830.2000 0.0000 -0.9500
v 830.2000 0.0000 -3.5500
v 830.2000 3.0000 -3.5500
v 830.2000 3.0000 -0.9500
v 832.4500 0.0000 -3.5500
v 832.4500 0.0000 -0.9500
v 835.0500 0.0000 -0.9500
v 835.0500 0.0000 -3.5500
v 832.4500 3.0000 -3.5500
v 835.0500 3.0000 -3.5500
v 835.0500 3.0000 -0.9500
v 832.4500 3.0000 -0.9500
v 832.4500 0.0000 -3.5500
v 835.0500 0.0000 -3.5500
v 835.0500 3.0000 -3.5500
v 832.4500 3.0000 -3.5500
v 835.0500 0.0000 -0.9500
v 832.4500 0.0000 -0.9500
v 832.4500 3.0000 -0.9500
v 835.0500 3.0000 -0.9500
v 835.0500 0.0000 -3.5500
v 835.0500 0.0000 -0.9500
v 835.0500 3.0000 -0.9500
v 835.0500 3.0000 -3.5500
v 832.4500 0.0000 -0.9500
v 832.4500 0.0000 -3.5500
v 832.4500 3.0000 -3.5500
v 832.4500 3.0000 -0.9500
v 809.9500 0.0000 -1.3000
v 809.9500 0.0000 1.3000
v 812.5500 0.0000 1.3000
v 812.5500 0.0000 -1.3000
v 809.9500 3.0000 -1.3000
v 812.5500 3.0000 -1.3000
v 812.5500 3.0000 1.3000
v 809.9500 3.0000 1.3000
v 809.9500 0.0000 -1.3000
v 812.5500 0.0000 -1.3000
v 812.5500 3.0000 -1.3000
v 809.9500 3.0000 -1.3000
v 812.5500 0.0000 1.3000
v 809.9500 0.0000 1.3000
v 809.9500 3.0000 1.3000
v 812.5500 3.0000 1.3000
v 812.5500 0.0000 -1.3000
v 812.5500 0.0000 1.3000
v 812.5500 3.0000 1.3000
v 812.5500 3.0000 -1.3000
v 809.9500 0.0000 1.3000
v 809.9500 0.0000 -1.3000
v 809.9500 3.0000 -1.3000
v 809.9500 3.0000 1.3000
v 814.4500 0.0000 -1.3000
v 814.4500 0.0000 1.3000
v 817.0500 0.0000 1.3000
v 817.0500 0.0000 -1.3000
v 814.4500 3.0000 -1.3000
v 817.0500 3.0000 -1.3000
v 817.0500 3.0000 1.3000
v 814.4500 3.0000 1.3000
v 814.4500 0.0000 -1.3000
v 817.0500 0.0000 -1.3000
v 817.0500 3.0000 -1.3000
v 814.4500 3.0000 -1.3000
v 817.0500 0.0000 1.3000
v 814.4500 0.0000 1.3000
v 814.4500 3.0000 1.3000
v 817.0500 3.0000 1.3000
v 817.0500 0.0000 -1.3000
v 817.0500 0.0000 1.3000
v 817.0500 3.0000 1.3000
v 817.0500 3.0000 -1.3000
v 814.4500 0.0000 1.3000
v 814.4500 0.0000 -1.3000
v 814.4500 3.0000 -1.3000
v 814.4500 3.0000 1.3000
v 827.9500 0.0000 -1.3000
v 827.9500 0.0000 1.3000
v 830.5500 0.0000 1.3000
v 830.5500 0.0000 -1.3000
v 827.9500 3.0000 -1.3000
v 830.5500 3.0000 -1.3000
v 830.5500 3.0000 1.3000
v 827.9500 3.0000 1.3000
v 827.9500 0.0000 -1.3000
v 830.5500 0.0000 -1.3000
v 830.5500 3.0000 -1.3000
v 827.9500 3.0000 -1.3000
v 830.5500 0.0000 1.3000
v 827.9500 0.0000 1.3000
v 827.9500 3.0000 1.3000
v 830.5500 3.0000 1.3000
v 830.5500 0.0000 -1.3000
v 830.5500 0.0000 1.3000
v 830.5500 3.0000 1.3000
v 830.5500 3.0000 -1.3000
v 827.9500 0.0000 1.3000
v 827.9500 0.0000 -1.3000
v 827.9500 3.0000 -1.3000
v 827.9500 3.0000 1.3000
v 809.9500 0.0000 0.9500
v 809.9500 0.0000 3.5500
v 812.5500 0.0000 3.5500
v 812.5500 0.0000 0.9500
v 809.9500 3.0000 0.9500
v 812.5500 3.0000 0.9500
v 812.5500 3.0000 3.5500
v 809.9500 3.0000 3.5500
v 809.9500 0.0000 0.9500
v 812.5500 0.0000 0.9500
v 812.5500 3.0000 0.9500
v 809.9500 3.0000 0.9500
v 812.5500 0.0000 3.5500
v 809.9500 0.0000 3.5500
v 809.9500 3.0000 3.5500
v 812.5500 3.0000 3.5500
v 812.5500 0.0000 0.9500
v 812.5500 0.0000 3.5500
v 812.5500 3.0000 3.5500
v 812.5500 3.0000 0.9500
v 809.9500 0.0000 3.5500
v 809.9500 0.0000 0.9500
v 809.9500 3.0000 0.9500
v 809.9500 3.0000 3.5500
v 814.4500 0.0000 0.9500
v 814.4500 0.0000 3.5500
v 817.0500 0.0000 3.5500
v 817.0500 0.0000 0.9500
v 814.4500 3.0000 0.9500
v 817.0500 3.0000 0.9500
v 817.0500 3.0000 3.5500
v 814.4500 3.0000 3.5500
v 814.4500 0.0000 0.9500
v 817.0500 0.0000 0.9500
v 817.0500 3.0000 0.9500
v 814.4500 3.0000 0.9500
v 817.0500 0.0000 3.5500
v 814.4500 0.0000 3.5500
v 814.4500 3.0000 3.5500
v 817.0500 3.0000 3.5500
v 817.0500 0.0000 0.9500
v 817.0500 0.0000 3.5500
v 817.0500 3.0000 3.5500
v 817.0500 3.0000 0.9500
v 814.4500 0.0000 3.5500
v 814.4500 0.0000 0.9500
v 814.4500 3.0000 0.9500
v 814.4500 3.0000 3.5500
v 818.9500 0.0000 0.9500
v 818.9500 0.0000 3.5500
v 821.5500 0.0000 3.5500
v 821.5500 0.0000 0.9500
v 818.9500 3.0000 0.9500
v 821.5500 3.0000 0.9500
v 821.5500 3.0000 3.5500
v 818.9500 3.0000 3.5500
v 818.9500 0.0000 0.9500
v 821.5500 0.0000 0.9500
v 821.5500 3.0000 0.9500
v 818.9500 3.0000 0.9500
v 821.5500 0.0000 3.5500
v 818.9500 0.0000 3.5500
v 818.9500 3.0000 3.5500
v 821.5500 3.0000 3.5500
v 821.5500 0.0000 0.9500
v 821.5500 0.0000 3.5500
v 821.5500 3.0000 3.5500
v 821.5500 3.0000 0.9500
v 818.9500 0.0000 3.5500
v 818.9500 0.0000 0.9500
v 818.9500 3.0000 0.9500
v 818.9500 3.0000 3.5500
v 823.4500 0.0000 0.9500
v 823.4500 0.0000 3.5500
v 826.0500 0.0000 3.5500
v 826.0500 0.0000 0.9500
v 823.4500 3.0000 0.9500
v 826.0500 3.0000 0.9500
v 826.0500 3.0000 3.5500
v 823.4500 3.0000 3.5500
v 823.4500 0.0000 0.9500
v 826.0500 0.0000 0.9500
v 826.0500 3.0000 0.9500
v 823.4500 3.0000 0.9500
v 826.0500 0.0000 3.5500
v 823.4500 0.0000 3.5500
v 823.4500 3.0000 3.5500
v 826.0500 3.0000 3.5500
v 826.0500 0.0000 0.9500
v 826.0500 0.0000 3.5500
v 826.0500 3.0000 3.5500
v 826.0500 3.0000 0.9500
v 823.4500 0.0000 3.5500
v 823.4500 0.0000 0.9500
v 823.4500 3.0000 0.9500
v 823.4500 3.0000 3.5500
v 827.9500 0.0000 0.9500
v 827.9500 0.0000 3.5500
v 830.5500 0.0000 3.5500
v 830.5500 0.0000 0.9500
v 827.9500 3.0000 0.9500
v 830.5500 3.0000 0.9500
v 830.5500 3.0000 3.5500
v 827.9500 3.0000 3.5500
v 827.9500 0.0000 0.9500
v 830.5500 0.0000 0.9500
v 830.5500 3.0000 0.9500
v 827.9500 3.0000 0.9500
v 830.5500 0.0000 3.5500
v 827.9500 0.0000 3.5500
v 827.9500 3.0000 3.5500
v 830.5500 3.0000 3.5500
v 830.5500 0.0000 0.9500
v 830.5500 0.0000 3.5500
v 830.5500 3.0000 3.5500
v 830.5500 3.0000 0.9500
v 827.9500 0.0000 3.5500
v 827.9500 0.0000 0.9500
v 827.9500 3.0000 0.9500
v 827.9500 3.0000 3.5500
v 832.4500 0.0000 0.9500
v 832.4500 0.0000 3.5500
v 835.0500 0.0000 3.5500
v 835.0500 0.0000 0.9500
v 832.4500 3.0000 0.9500
v 835.0500 3.0000 0.9500
v 835.0500 3.0000 3.5500
v 832.4500 3.0000 3.5500
v 832.4500 0.0000 0.9500
v 835.0500 0.0000 0.9500
v 835.0500 3.0000 0.9500
v 832.4500 3.0000 0.9500
v 835.0500 0.0000 3.5500
v 832.4500 0.0000 3.5500
v 832.4500 3.0000 3.5500
v 835.0500 3.0000 3.5500
v 835.0500 0.0000 0.9500
v 835.0500 0.0000 3.5500
v 835.0500 3.0000 3.5500
v 835.0500 3.0000 0.9500
v 832.4500 0.0000 3.5500
v 832.4500 0.0000 0.9500
v 832.4500 3.0000 0.9500
v 832.4500 3.0000 3.5500
v 834.7000 0.0000 0.9500
v 834.7000 0.0000 3.5500
v 837.3000 0.0000 3.5500
v 837.3000 0.0000 0.9500
v 834.7000 3.0000 0.9500
v 837.3000 3.0000 0.9500
v 837.3000 3.0000 3.5500
v 834.7000 3.0000 3.5500
v 834.7000 0.0000 0.9500
v 837.3000 0.0000 0.9500
v 837.3000 3.0000 0.9500
v 834.7000 3.0000 0.9500
v 837.3000 0.0000 3.5500
v 834.7000 0.0000 3.5500
v 834.7000 3.0000 3.5500
v 837.3000 3.0000 3.5500
v 837.3000 0.0000 0.9500
v 837.3000 0.0000 3.5500
v 837.3000 3.0000 3.5500
v 837.3000 3.0000 0.9500
v 834.7000 0.0000 3.5500
v 834.7000 0.0000 0.9500
v 834.7000 3.0000 0.9500
v 834.7000 3.0000 3.5500
v 809.9500 0.0000 3.2000
v 809.9500 0.0000 5.8000
v 812.5500 0.0000 5.8000
v 812.5500 0.0000 3.2000
v 809.9500 3.0000 3.2000
v 812.5500 3.0000 3.2000
v 812.5500 3.0000 5.8000
v 809.9500 3.0000 5.8000
v 809.9500 0.0000 3.2000
v 812.5500 0.0000 3.2000
v 812.5500 3.0000 3.2000
v 809.9500 3.0000 3.2000
v 812.5500 0.0000 5.8000
v 809.9500 0.0000 5.8000
v 809.9500 3.0000 5.8000
v 812.5500 3.0000 5.8000
v 812.5500 0.0000 3.2000
v 812.5500 0.0000 5.8000
v 812.5500 3.0000 5.8000
v 812.5500 3.0000 3.2000
v 809.9500 0.0000 5.8000
v 809.9500 0.0000 3.2000
v 809.9500 3.0000 3.2000
v 809.9500 3.0000 5.8000
v 814.4500 0.0000 3.2000
v 814.4500 0.0000 5.8000
v 817.0500 0.0000 5.8000
v 817.0500 0.0000 3.2000
v 814.4500 3.0000 3.2000
v 817.0500 3.0000 3.2000
v 817.0500 3.0000 5.8000
v 814.4500 3.0000 5.8000
v 814.4500 0.0000 3.2000
v 817.0500 0.0000 3.2000
v 817.0500 3.0000 3.2000
v 814.4500 3.0000 3.2000
v 817.0500 0.0000 5.8000
v 814.4500 0.0000 5.8000
v 814.4500 3.0000 5.8000
v 817.0500 3.0000 5.8000
v 817.0500 0.0000 3.2000
v 817.0500 0.0000 5.8000
v 817.0500 3.0000 5.8000
v 817.0500 3.0000 3.2000
v 814.4500 0.0000 5.8000
v 814.4500 0.0000 3.2000
v 814.4500 3.0000 3.2000
v 814.4500 3.0000 5.8000
v 818.9500 0.0000 3.2000
v 818.9500 0.0000 5.8000
v 821.5500 0.0000 5.8000
v 821.5500 0.0000 3.2000
v 818.9500 3.0000 3.2000
v 821.5500 3.0000 3.2000
v 821.5500 3.0000 5.8000
v 818.9500 3.0000 5.8000
v 818.9500 0.0000 3.2000
v 821.5500 0.0000 3.2000
v 821.5500 3.0000 3.2000
v 818.9500 3.0000 3.2000
v 821.5500 0.0000 5.8000
v 818.9500 0.0000 5.8000
v 818.9500 3.0000 5.8000
v 821.5500 3.0000 5.8000
v 821.5500 0.0000 3.2000
v 821.5500 0.0000 5.8000
v 821.5500 3.0000 5.8000
v 821.5500 3.0000 3.2000
v 818.9500 0.0000 5.8000
v 818.9500 0.0000 3.2000
v 818.9500 3.0000 3.2000
v 818.9500 3.0000 5.8000
v 823.4500 0.0000 3.2000
v 823.4500 0.0000 5.8000
v 826.0500 0.0000 5.8000
v 826.0500 0.0000 3.2000
v 823.4500 3.0000 3.2000
v 826.0500 3.0000 3.2000
v 826.0500 3.0000 5.8000
v 823.4500 3.0000 5.8000
v 823.4500 0.0000 3.2000
v 826.0500 0.0000 3.2000
v 826.0500 3.0000 3.2000
v 823.4500 3.0000 3.2000
v 826.0500 0.0000 5.8000
v 823.4500 0.0000 5.8000
v 823.4500 3.0000 5.8000
v 826.0500 3.0000 5.8000
v 826.0500 0.0000 3.2000
v 826.0500 0.0000 5.8000
v 826.0500 3.0000 5.8000
v 826.0500 3.0000 3.2000
v 823.4500 0.0000 5.8000
v 823.4500 0.0000 3.2000
v 823.4500 3.0000 3.2000
v 823.4500 3.0000 5.8000
v 827.9500 0.0000 3.2000
v 827.9500 0.0000 5.8000
v 830.5500 0.0000 5.8000
v 830.5500 0.0000 3.2000
v 827.9500 3.0000 3.2000
v 830.5500 3.0000 3.2000
v 830.5500 3.0000 5.8000
v 827.9500 3.0000 5.8000
v 827.9500 0.0000 3.2000
v 830.5500 0.0000 3.2000
v 830.5500 3.0000 3.2000
v 827.9500 3.0000 3.2000
v 830.5500 0.0000 5.8000
v 827.9500 0.0000 5.8000
v 827.9500 3.0000 5.8000
v 830.5500 3.0000 5.8000
v 830.5500 0.0000 3.2000
v 830.5500 0.0000 5.8000
v 830.5500 3.0000 5.8000
v 830.5500 3.0000 3.2000
v 827.9500 0.0000 5.8000
v 827.9500 0.0000 3.2000
v 827.9500 3.0000 3.2000
v 827.9500 3.0000 5.8000
v 809.9500 0.0000 5.4500
v 809.9500 0.0000 8.0500
v 812.5500 0.0000 8.0500
v 812.5500 0.0000 5.4500
v 809.9500 3.0000 5.4500
v 812.5500 3.0000 5.4500
v 812.5500 3.0000 8.0500
v 809.9500 3.0000 8.0500
v 809.9500 0.0000 5.4500
v 812.5500 0.0000 5.4500
v 812.5500 3.0000 5.4500
v 809.9500 3.0000 5.4500
v 812.5500 0.0000 8.0500
v 809.9500 0.0000 8.0500
v 809.9500 3.0000 8.0500
v 812.5500 3.0000 8.0500
v 812.5500 0.0000 5.4500
v 812.5500 0.0000 8.0500
v 812.5500 3.0000 8.0500
v 812.5500 3.0000 5.4500
v 809.9500 0.0000 8.0500
v 809.9500 0.0000 5.4500
v 809.9500 3.0000 5.4500
v 809.9500 3.0000 8.0500
v 814.4500 0.0000 5.4500
v 814.4500 0.0000 8.0500
v 817.0500 0.0000 8.0500
v 817.0500 0.0000 5.4500
v 814.4500 3.0000 5.4500
v 817.0500 3.0000 5.4500
v 817.0500 3.0000 8.0500
v 814.4500 3.0000 8.0500
v 814.4500 0.0000 5.4500
v 817.0500 0.0000 5.4500
v 817.0500 3.0000 5.4500
v 814.4500 3.0000 5.4500
v 817.0500 0.0000 8.0500
v 814.4500 0.0000 8.0500
v 814.4500 3.0000 8.0500
v 817.0500 3.0000 8.0500
v 817.0500 0.0000 5.4500
v 817.0500 0.0000 8.0500
v 817.0500 3.0000 8.0500
v 817.0500 3.0000 5.4500
v 814.4500 0.0000 8.0500
v 814.4500 0.0000 5.4500
v 814.4500 3.0000 5.4500
v 814.4500 3.0000 8.0500
v 818.9500 0.0000 5.4500
v 818.9500 0.0000 8.0500
v 821.5500 0.0000 8.0500
v 821.5500 0.0000 5.4500
v 818.9500 3.0000 5.4500
v 821.5500 3.0000 5.4500
v 821.5500 3.0000 8.0500
v 818.9500 3.0000 8.0500
v 818.9500 0.0000 5.4500
v 821.5500 0.0000 5.4500
v 821.5500 3.0000 5.4500
v 818.9500 3.0000 5.4500
v 821.5500 0.0000 8.0500
v 818.9500 0.0000 8.0500
v 818.9500 3.0000 8.0500
v 821.5500 3.0000 8.0500
v 821.5500 0.0000 5.4500
v 821.5500 0.0000 8.0500
v 821.5500 3.0000 8.0500
v 821.5500 3.0000 5.4500
v 818.9500 0.0000 8.0500
v 818.9500 0.0000 5.4500
v 818.9500 3.0000 5.4500
v 818.9500 3.0000 8.0500
v 823.4500 0.0000 5.4500
v 823.4500 0.0000 8.0500
v 826.0500 0.0000 8.0500
v 826.0500 0.0000 5.4500
v 823.4500 3.0000 5.4500
v 826.0500 3.0000 5.4500
v 826.0500 3.0000 8.0500
v 823.4500 3.0000 8.0500
v 823.4500 0.0000 5.4500
v 826.0500 0.0000 5.4500
v 826.0500 3.0000 5.4500
v 823.4500 3.0000 5.4500
v 826.0500 0.0000 8.0500
v 823.4500 0.0000 8.0500
v 823.4500 3.0000 8.0500
v 826.0500 3.0000 8.0500
v 826.0500 0.0000 5.4500
v 826.0500 0.0000 8.0500
v 826.0500 3.0000 8.0500
v 826.0500 3.0000 5.4500
v 823.4500 0.0000 8.0500
v 823.4500 0.0000 5.4500
v 823.4500 3.0000 5.4500
v 823.4500 3.0000 8.0500
v 825.7000 0.0000 5.4500
v 825.7000 0.0000 8.0500
v 828.3000 0.0000 8.0500
v 828.3000 0.0000 5.4500
v 825.7000 3.0000 5.4500
v 828.3000 3.0000 5.4500
v 828.3000 3.0000 8.0500
v 825.7000 3.0000 8.0500
v 825.7000 0.0000 5.4500
v 828.3000 0.0000 5.4500
v 828.3000 3.0000 5.4500
v 825.7000 3.0000 5.4500
v 828.3000 0.0000 8.0500
v 825.7000 0.0000 8.0500
v 825.7000 3.0000 8.0500
v 828.3000 3.0000 8.0500
v 828.3000 0.0000 5.4500
v 828.3000 0.0000 8.0500
v 828.3000 3.0000 8.0500
v 828.3000 3.0000 5.4500
v 825.7000 0.0000 8.0500
v 825.7000 0.0000 5.4500
v 825.7000 3.0000 5.4500
v 825.7000 3.0000 8.0500
v 827.9500 0.0000 5.4500
v 827.9500 0.0000 8.0500
v 830.5500 0.0000 8.0500
v 830.5500 0.0000 5.4500
v 827.9500 3.0000 5.4500
v 830.5500 3.0000 5.4500
v 830.5500 3.0000 8.0500
v 827.9500 3.0000 8.0500
v 827.9500 0.0000 5.4500
v 830.5500 0.0000 5.4500
v 830.5500 3.0000 5.4500
v 827.9500 3.0000 5.4500
v 830.5500 0.0000 8.0500
v 827.9500 0.0000 8.0500
v 827.9500 3.0000 8.0500
v 830.5500 3.0000 8.0500
v 830.5500 0.0000 5.4500
v 830.5500 0.0000 8.0500
v 830.5500 3.0000 8.0500
v 830.5500 3.0000 5.4500
v 827.9500 0.0000 8.0500
v 827.9500 0.0000 5.4500
v 827.9500 3.0000 5.4500
v 827.9500 3.0000 8.0500
v 830.2000 0.0000 5.4500
v 830.2000 0.0000 8.0500
v 832.8000 0.0000 8.0500
v 832.8000 0.0000 5.4500
v 830.2000 3.0000 5.4500
v 832.8000 3.0000 5.4500
v 832.8000 3.0000 8.0500
v 830.2000 3.0000 8.0500
v 830.2000 0.0000 5.4500
v 832.8000 0.0000 5.4500
v 832.8000 3.0000 5.4500
v 830.2000 3.0000 5.4500
v 832.8000 0.0000 8.0500
v 830.2000 0.0000 8.0500
v 830.2000 3.0000 8.0500
v 832.8000 3.0000 8.0500
v 832.8000 0.0000 5.4500
v 832.8000 0.0000 8.0500
v 832.8000 3.0000 8.0500
v 832.8000 3.0000 5.4500
v 830.2000 0.0000 8.0500
v 830.2000 0.0000 5.4500
v 830.2000 3.0000 5.4500
v 830.2000 3.0000 8.0500
v 832.4500 0.0000 5.4500
v 832.4500 0.0000 8.0500
v 835.0500 0.0000 8.0500
v 835.0500 0.0000 5.4500
v 832.4500 3.0000 5.4500
v 835.0500 3.0000 5.4500
v 835.0500 3.0000 8.0500
v 832.4500 3.0000 8.0500
v 832.4500 0.0000 5.4500
v 835.0500 0.0000 5.4500
v 835.0500 3.0000 5.4500
v 832.4500 3.0000 5.4500
v 835.0500 0.0000 8.0500
v 832.4500 0.0000 8.0500
v 832.4500 3.0000 8.0500
v 835.0500 3.0000 8.0500
v 835.0500 0.0000 5.4500
v 835.0500 0.0000 8.0500
v 835.0500 3.0000 8.0500
v 835.0500 3.0000 5.4500
v 832.4500 0.0000 8.0500
v 832.4500 0.0000 5.4500
v 832.4500 3.0000 5.4500
v 832.4500 3.0000 8.0500
v 818.9500 0.0000 7.7000
v 818.9500 0.0000 10.3000
v 821.5500 0.0000 10.3000
v 821.5500 0.0000 7.7000
v 818.9500 3.0000 7.7000
v 821.5500 3.0000 7.7000
v 821.5500 3.0000 10.3000
v 818.9500 3.0000 10.3000
v 818.9500 0.0000 7.7000
v 821.5500 0.0000 7.7000
v 821.5500 3.0000 7.7000
v 818.9500 3.0000 7.7000
v 821.5500 0.0000 10.3000
v 818.9500 0.0000 10.3000
v 818.9500 3.0000 10.3000
v 821.5500 3.0000 10.3000
v 821.5500 0.0000 7.7000
v 821.5500 0.0000 10.3000
v 821.5500 3.0000 10.3000
v 821.5500 3.0000 7.7000
v 818.9500 0.0000 10.3000
v 818.9500 0.0000 7.7000
v 818.9500 3.0000 7.7000
v 818.9500 3.0000 10.3000
v 813.3500 2.7000 -13.6500
v 813.6500 2.7000 -13.6500
v 813.6500 2.7000 -13.3500
v 813.3500 2.7000 -13.3500
v 813.3500 2.8600 -13.6500
v 813.6500 2.8600 -13.6500
v 813.6500 2.8600 -13.3500
v 813.3500 2.8600 -13.3500
v 813.3100 2.8600 -13.6900
v 813.6900 2.8600 -13.6900
v 813.6900 2.8600 -13.3100
v 813.3100 2.8600 -13.3100
v 813.3100 2.9400 -13.6900
v 813.6900 2.9400 -13.6900
v 813.6900 2.9400 -13.3100
v 813.3100 2.9400 -13.3100
v 817.8500 2.7000 -13.6500
v 818.1500 2.7000 -13.6500
v 818.1500 2.7000 -13.3500
v 817.8500 2.7000 -13.3500
v 817.8500 2.8600 -13.6500
v 818.1500 2.8600 -13.6500
v 818.1500 2.8600 -13.3500
v 817.8500 2.8600 -13.3500
v 817.8100 2.8600 -13.6900
v 818.1900 2.8600 -13.6900
v 818.1900 2.8600 -13.3100
v 817.8100 2.8600 -13.3100
v 817.8100 2.9400 -13.6900
v 818.1900 2.9400 -13.6900
v 818.1900 2.9400 -13.3100
v 817.8100 2.9400 -13.3100
v 822.3500 2.7000 -13.6500
v 822.6500 2.7000 -13.6500
v 822.6500 2.7000 -13.3500
v 822.3500 2.7000 -13.3500
v 822.3500 2.8600 -13.6500
v 822.6500 2.8600 -13.6500
v 822.6500 2.8600 -13.3500
v 822.3500 2.8600 -13.3500
v 822.3100 2.8600 -13.6900
v 822.6900 2.8600 -13.6900
v 822.6900 2.8600 -13.3100
v 822.3100 2.8600 -13.3100
v 822.3100 2.9400 -13.6900
v 822.6900 2.9400 -13.6900
v 822.6900 2.9400 -13.3100
v 822.3100 2.9400 -13.3100
v 835.8500 2.7000 -13.6500
v 836.1500 2.7000 -13.6500
v 836.1500 2.7000 -13.3500
v 835.8500 2.7000 -13.3500
v 835.8500 2.8600 -13.6500
v 836.1500 2.8600 -13.6500
v 836.1500 2.8600 -13.3500
v 835.8500 2.8600 -13.3500
v 835.8100 2.8600 -13.6900
v 836.1900 2.8600 -13.6900
v 836.1900 2.8600 -13.3100
v 835.8100 2.8600 -13.3100
v 835.8100 2.9400 -13.6900
v 836.1900 2.9400 -13.6900
v 836.1900 2.9400 -13.3100
v 835.8100 2.9400 -13.3100
v 817.8500 2.7000 -9.1500
v 818.1500 2.7000 -9.1500
v 818.1500 2.7000 -8.8500
v 817.8500 2.7000 -8.8500
v 817.8500 2.8600 -9.1500
v 818.1500 2.8600 -9.1500
v 818.1500 2.8600 -8.8500
v 817.8500 2.8600 -8.8500
v 817.8100 2.8600 -9.1900
v 818.1900 2.8600 -9.1900
v 818.1900 2.8600 -8.8100
v 817.8100 2.8600 -8.8100
v 817.8100 2.9400 -9.1900
v 818.1900 2.9400 -9.1900
v 818.1900 2.9400 -8.8100
v 817.8100 2.9400 -8.8100
v 835.8500 2.7000 -9.1500
v 836.1500 2.7000 -9.1500
v 836.1500 2.7000 -8.8500
v 835.8500 2.7000 -8.8500
v 835.8500 2.8600 -9.1500
v 836.1500 2.8600 -9.1500
v 836.1500 2.8600 -8.8500
v 835.8500 2.8600 -8.8500
v 835.8100 2.8600 -9.1900
v 836.1900 2.8600 -9.1900
v 836.1900 2.8600 -8.8100
v 835.8100 2.8600 -8.8100
v 835.8100 2.9400 -9.1900
v 836.1900 2.9400 -9.1900
v 836.1900 2.9400 -8.8100
v 835.8100 2.9400 -8.8100
v 822.3500 2.7000 -4.6500
v 822.6500 2.7000 -4.6500
v 822.6500 2.7000 -4.3500
v 822.3500 2.7000 -4.3500
v 822.3500 2.8600 -4.6500
v 822.6500 2.8600 -4.6500
v 822.6500 2.8600 -4.3500
v 822.3500 2.8600 -4.3500
v 822.3100 2.8600 -4.6900
v 822.6900 2.8600 -4.6900
v 822.6900 2.8600 -4.3100
v 822.3100 2.8600 -4.3100
v 822.3100 2.9400 -4.6900
v 822.6900 2.9400 -4.6900
v 822.6900 2.9400 -4.3100
v 822.3100 2.9400 -4.3100
v 835.8500 2.7000 -4.6500
v 836.1500 2.7000 -4.6500
v 836.1500 2.7000 -4.3500
v 835.8500 2.7000 -4.3500
v 835.8500 2.8600 -4.6500
v 836.1500 2.8600 -4.6500
v 836.1500 2.8600 -4.3500
v 835.8500 2.8600 -4.3500
v 835.8100 2.8600 -4.6900
v 836.1900 2.8600 -4.6900
v 836.1900 2.8600 -4.3100
v 835.8100 2.8600 -4.3100
v 835.8100 2.9400 -4.6900
v 836.1900 2.9400 -4.6900
v 836.1900 2.9400 -4.3100
v 835.8100 2.9400 -4.3100
v 822.3500 2.7000 -0.1500
v 822.6500 2.7000 -0.1500
v 822.6500 2.7000 0.1500
v 822.3500 2.7000 0.1500
v 822.3500 2.8600 -0.1500
v 822.6500 2.8600 -0.1500
v 822.6500 2.8600 0.1500
v 822.3500 2.8600 0.1500
v 822.3100 2.8600 -0.1900
v 822.6900 2.8600 -0.1900
v 822.6900 2.8600 0.1900
v 822.3100 2.8600 0.1900
v 822.3100 2.9400 -0.1900
v 822.6900 2.9400 -0.1900
v 822.6900 2.9400 0.1900
v 822.3100 2.9400 0.1900
v 826.8500 2.7000 -0.1500
v 827.1500 2.7000 -0.1500
v 827.1500 2.7000 0.1500
v 826.8500 2.7000 0.1500
v 826.8500 2.8600 -0.1500
v 827.1500 2.8600 -0.1500
v 827.1500 2.8600 0.1500
v 826.8500 2.8600 0.1500
v 826.8100 2.8600 -0.1900
v 827.1900 2.8600 -0.1900
v 827.1900 2.8600 0.1900
v 826.8100 2.8600 0.1900
v 826.8100 2.9400 -0.1900
v 827.1900 2.9400 -0.1900
v 827.1900 2.9400 0.1900
v 826.8100 2.9400 0.1900
v 831.3500 2.7000 -0.1500
v 831.6500 2.7000 -0.1500
v 831.6500 2.7000 0.1500
v 831.3500 2.7000 0.1500
v 831.3500 2.8600 -0.1500
v 831.6500 2.8600 -0.1500
v 831.6500 2.8600 0.1500
v 831.3500 2.8600 0.1500
v 831.3100 2.8600 -0.1900
v 831.6900 2.8600 -0.1900
v 831.6900 2.8600 0.1900
v 831.3100 2.8600 0.1900
v 831.3100 2.9400 -0.1900
v 831.6900 2.9400 -0.1900
v 831.6900 2.9400 0.1900
v 831.3100 2.9400 0.1900
v 813.3500 2.7000 4.3500
v 813.6500 2.7000 4.3500
v 813.6500 2.7000 4.6500
v 813.3500 2.7000 4.6500
v 813.3500 2.8600 4.3500
v 813.6500 2.8600 4.3500
v 813.6500 2.8600 4.6500
v 813.3500 2.8600 4.6500
v 813.3100 2.8600 4.3100
v 813.6900 2.8600 4.3100
v 813.6900 2.8600 4.6900
v 813.3100 2.8600 4.6900
v 813.3100 2.9400 4.3100
v 813.6900 2.9400 4.3100
v 813.6900 2.9400 4.6900
v 813.3100 2.9400 4.6900
v 817.8500 2.7000 4.3500
v 818.1500 2.7000 4.3500
v 818.1500 2.7000 4.6500
v 817.8500 2.7000 4.6500
v 817.8500 2.8600 4.3500
v 818.1500 2.8600 4.3500
v 818.1500 2.8600 4.6500
v 817.8500 2.8600 4.6500
v 817.8100 2.8600 4.3100
v 818.1900 2.8600 4.3100
v 818.1900 2.8600 4.6900
v 817.8100 2.8600 4.6900
v 817.8100 2.9400 4.3100
v 818.1900 2.9400 4.3100
v 818.1900 2.9400 4.6900
v 817.8100 2.9400 4.6900
v 822.3500 2.7000 4.3500
v 822.6500 2.7000 4.3500
v 822.6500 2.7000 4.6500
v 822.3500 2.7000 4.6500
v 822.3500 2.8600 4.3500
v 822.6500 2.8600 4.3500
v 822.6500 2.8600 4.6500
v 822.3500 2.8600 4.6500
v 822.3100 2.8600 4.3100
v 822.6900 2.8600 4.3100
v 822.6900 2.8600 4.6900
v 822.3100 2.8600 4.6900
v 822.3100 2.9400 4.3100
v 822.6900 2.9400 4.3100
v 822.6900 2.9400 4.6900
v 822.3100 2.9400 4.6900
v 826.8500 2.7000 4.3500
v 827.1500 2.7000 4.3500
v 827.1500 2.7000 4.6500
v 826.8500 2.7000 4.6500
v 826.8500 2.8600 4.3500
v 827.1500 2.8600 4.3500
v 827.1500 2.8600 4.6500
v 826.8500 2.8600 4.6500
v 826.8100 2.8600 4.3100
v 827.1900 2.8600 4.3100
v 827.1900 2.8600 4.6900
v 826.8100 2.8600 4.6900
v 826.8100 2.9400 4.3100
v 827.1900 2.9400 4.3100
v 827.1900 2.9400 4.6900
v 826.8100 2.9400 4.6900
v 813.3500 2.7000 8.8500
v 813.6500 2.7000 8.8500
v 813.6500 2.7000 9.1500
v 813.3500 2.7000 9.1500
v 813.3500 2.8600 8.8500
v 813.6500 2.8600 8.8500
v 813.6500 2.8600 9.1500
v 813.3500 2.8600 9.1500
v 813.3100 2.8600 8.8100
v 813.6900 2.8600 8.8100
v 813.6900 2.8600 9.1900
v 813.3100 2.8600 9.1900
v 813.3100 2.9400 8.8100
v 813.6900 2.9400 8.8100
v 813.6900 2.9400 9.1900
v 813.3100 2.9400 9.1900
v 831.3500 2.7000 8.8500
v 831.6500 2.7000 8.8500
v 831.6500 2.7000 9.1500
v 831.3500 2.7000 9.1500
v 831.3500 2.8600 8.8500
v 831.6500 2.8600 8.8500
v 831.6500 2.8600 9.1500
v 831.3500 2.8600 9.1500
v 831.3100 2.8600 8.8100
v 831.6900 2.8600 8.8100
v 831.6900 2.8600 9.1900
v 831.3100 2.8600 9.1900
v 831.3100 2.9400 8.8100
v 831.6900 2.9400 8.8100
v 831.6900 2.9400 9.1900
v 831.3100 2.9400 9.1900
v 835.8500 2.7000 8.8500
v 836.1500 2.7000 8.8500
v 836.1500 2.7000 9.1500
v 835.8500 2.7000 9.1500
v 835.8500 2.8600 8.8500
v 836.1500 2.8600 8.8500
v 836.1500 2.8600 9.1500
v 835.8500 2.8600 9.1500
v 835.8100 2.8600 8.8100
v 836.1900 2.8600 8.8100
v 836.1900 2.8600 9.1900
v 835.8100 2.8600 9.1900
v 835.8100 2.9400 8.8100
v 836.1900 2.9400 8.8100
v 836.1900 2.9400 9.1900
v 835.8100 2.9400 9.1900
v 810.7500 0.0000 -13.7750
v 811.7500 0.0000 -13.7750
v 811.7500 0.0000 -13.2250
v 810.7500 0.0000 -13.2250
v 810.7500 1.7000 -13.7750
v 811.7500 1.7000 -13.7750
v 811.7500 1.7000 -13.2250
v 810.7500 1.7000 -13.2250
v 810.8000 1.4900 -13.8150
v 811.7000 1.4900 -13.8150
v 811.7000 1.4900 -13.7850
v 810.8000 1.4900 -13.7850
v 810.8000 1.6100 -13.8150
v 811.7000 1.6100 -13.8150
v 811.7000 1.6100 -13.7850
v 810.8000 1.6100 -13.7850
v 815.2500 0.0000 -13.7750
v 816.2500 0.0000 -13.7750
v 816.2500 0.0000 -13.2250
v 815.2500 0.0000 -13.2250
v 815.2500 1.7000 -13.7750
v 816.2500 1.7000 -13.7750
v 816.2500 1.7000 -13.2250
v 815.2500 1.7000 -13.2250
v 815.3000 1.4900 -13.8150
v 816.2000 1.4900 -13.8150
v 816.2000 1.4900 -13.7850
v 815.3000 1.4900 -13.7850
v 815.3000 1.6100 -13.8150
v 816.2000 1.6100 -13.8150
v 816.2000 1.6100 -13.7850
v 815.3000 1.6100 -13.7850
v 833.2500 0.0000 -13.7750
v 834.2500 0.0000 -13.7750
v 834.2500 0.0000 -13.2250
v 833.2500 0.0000 -13.2250
v 833.2500 1.7000 -13.7750
v 834.2500 1.7000 -13.7750
v 834.2500 1.7000 -13.2250
v 833.2500 1.7000 -13.2250
v 833.3000 1.4900 -13.8150
v 834.2000 1.4900 -13.8150
v 834.2000 1.4900 -13.7850
v 833.3000 1.4900 -13.7850
v 833.3000 1.6100 -13.8150
v 834.2000 1.6100 -13.8150
v 834.2000 1.6100 -13.7850
v 833.3000 1.6100 -13.7850
v 835.5000 0.0000 -9.2750
v 836.5000 0.0000 -9.2750
v 836.5000 0.0000 -8.7250
v 835.5000 0.0000 -8.7250
v 835.5000 1.7000 -9.2750
v 836.5000 1.7000 -9.2750
v 836.5000 1.7000 -8.7250
v 835.5000 1.7000 -8.7250
v 835.5500 1.4900 -9.3150
v 836.4500 1.4900 -9.3150
v 836.4500 1.4900 -9.2850
v 835.5500 1.4900 -9.2850
v 835.5500 1.6100 -9.3150
v 836.4500 1.6100 -9.3150
v 836.4500 1.6100 -9.2850
v 835.5500 1.6100 -9.2850
v 835.5000 0.0000 -2.5250
v 836.5000 0.0000 -2.5250
v 836.5000 0.0000 -1.9750
v 835.5000 0.0000 -1.9750
v 835.5000 1.7000 -2.5250
v 836.5000 1.7000 -2.5250
v 836.5000 1.7000 -1.9750
v 835.5000 1.7000 -1.9750
v 835.5500 1.4900 -2.5650
v 836.4500 1.4900 -2.5650
v 836.4500 1.4900 -2.5350
v 835.5500 1.4900 -2.5350
v 835.5500 1.6100 -2.5650
v 836.4500 1.6100 -2.5650
v 836.4500 1.6100 -2.5350
v 835.5500 1.6100 -2.5350
v 835.5000 0.0000 -0.2750
v 836.5000 0.0000 -0.2750
v 836.5000 0.0000 0.2750
v 835.5000 0.0000 0.2750
v 835.5000 1.7000 -0.2750
v 836.5000 1.7000 -0.2750
v 836.5000 1.7000 0.2750
v 835.5000 1.7000 0.2750
v 835.5500 1.4900 -0.3150
v 836.4500 1.4900 -0.3150
v 836.4500 1.4900 -0.2850
v 835.5500 1.4900 -0.2850
v 835.5500 1.6100 -0.3150
v 836.4500 1.6100 -0.3150
v 836.4500 1.6100 -0.2850
v 835.5500 1.6100 -0.2850
v 813.0000 0.0000 6.4750
v 814.0000 0.0000 6.4750
v 814.0000 0.0000 7.0250
v 813.0000 0.0000 7.0250
v 813.0000 1.7000 6.4750
v 814.0000 1.7000 6.4750
v 814.0000 1.7000 7.0250
v 813.0000 1.7000 7.0250
v 813.0500 1.4900 6.4350
v 813.9500 1.4900 6.4350
v 813.9500 1.4900 6.4650
v 813.0500 1.4900 6.4650
v 813.0500 1.6100 6.4350
v 813.9500 1.6100 6.4350
v 813.9500 1.6100 6.4650
v 813.0500 1.6100 6.4650
v 828.7500 0.0000 8.7250
v 829.7500 0.0000 8.7250
v 829.7500 0.0000 9.2750
v 828.7500 0.0000 9.2750
v 828.7500 1.7000 8.7250
v 829.7500 1.7000 8.7250
v 829.7500 1.7000 9.2750
v 828.7500 1.7000 9.2750
v 828.8000 1.4900 8.6850
v 829.7000 1.4900 8.6850
v 829.7000 1.4900 8.7150
v 828.8000 1.4900 8.7150
v 828.8000 1.6100 8.6850
v 829.7000 1.6100 8.6850
v 829.7000 1.6100 8.7150
v 828.8000 1.6100 8.7150
v 835.5000 0.0000 8.7250
v 836.5000 0.0000 8.7250
v 836.5000 0.0000 9.2750
v 835.5000 0.0000 9.2750
v 835.5000 1.7000 8.7250
v 836.5000 1.7000 8.7250
v 836.5000 1.7000 9.2750
v 835.5000 1.7000 9.2750
v 835.5500 1.4900 8.6850
v 836.4500 1.4900 8.6850
v 836.4500 1.4900 8.7150
v 835.5500 1.4900 8.7150
v 835.5500 1.6100 8.6850
v 836.4500 1.6100 8.6850
v 836.4500 1.6100 8.7150
v 835.5500 1.6100 8.7150
v 811.3700 2.6000 -15.7500
v 811.3700 2.6000 -15.7500
v 811.3349 2.6000 -15.6651
v 811.3349 2.6000 -15.6651
v 811.2500 2.6000 -15.6300
v 811.2500 2.6000 -15.6300
v 811.1651 2.6000 -15.6651
v 811.1651 2.6000 -15.6651
v 811.1300 2.6000 -15.7500
v 811.1300 2.6000 -15.7500
v 811.1651 2.6000 -15.8349
v 811.1651 2.6000 -15.8349
v 811.2500 2.6000 -15.8700
v 811.2500 2.6000 -15.8700
v 811.3349 2.6000 -15.8349
v 811.3349 2.6000 -15.8349
v 811.2500 2.6000 -15.7500
v 811.2500 2.6000 -15.7500
v 811.2500 2.4800 -15.8700
v 836.0000 2.4800 -15.8700
v 836.0000 2.4800 -15.6300
v 811.2500 2.4800 -15.6300
v 811.2500 2.7200 -15.8700
v 836.0000 2.7200 -15.8700
v 836.0000 2.7200 -15.6300
v 811.2500 2.7200 -15.6300
v 811.3700 2.6000 -2.2500
v 811.3700 2.6000 -2.2500
v 811.3349 2.6000 -2.1651
v 811.3349 2.6000 -2.1651
v 811.2500 2.6000 -2.1300
v 811.2500 2.6000 -2.1300
v 811.1651 2.6000 -2.1651
v 811.1651 2.6000 -2.1651
v 811.1300 2.6000 -2.2500
v 811.1300 2.6000 -2.2500
v 811.1651 2.6000 -2.3349
v 811.1651 2.6000 -2.3349
v 811.2500 2.6000 -2.3700
v 811.2500 2.6000 -2.3700
v 811.3349 2.6000 -2.3349
v 811.3349 2.6000 -2.3349
v 811.2500 2.6000 -2.2500
v 811.2500 2.6000 -2.2500
v 811.2500 2.4800 -2.3700
v 836.0000 2.4800 -2.3700
v 836.0000 2.4800 -2.1300
v 811.2500 2.4800 -2.1300
v 811.2500 2.7200 -2.3700
v 836.0000 2.7200 -2.3700
v 836.0000 2.7200 -2.1300
v 811.2500 2.7200 -2.1300
v 811.3700 2.6000 6.7500
v 811.3700 2.6000 6.7500
v 811.3349 2.6000 6.8349
v 811.3349 2.6000 6.8349
v 811.2500 2.6000 6.8700
v 811.2500 2.6000 6.8700
v 811.1651 2.6000 6.8349
v 811.1651 2.6000 6.8349
v 811.1300 2.6000 6.7500
v 811.1300 2.6000 6.7500
v 811.1651 2.6000 6.6651
v 811.1651 2.6000 6.6651
v 811.2500 2.6000 6.6300
v 811.2500 2.6000 6.6300
v 811.3349 2.6000 6.6651
v 811.3349 2.6000 6.6651
v 811.2500 2.6000 6.7500
v 811.2500 2.6000 6.7500
v 811.2500 2.4800 6.6300
v 836.0000 2.4800 6.6300
v 836.0000 2.4800 6.8700
v 811.2500 2.4800 6.8700
v 811.2500 2.7200 6.6300
v 836.0000 2.7200 6.6300
v 836.0000 2.7200 6.8700
v 811.2500 2.7200 6.8700
vt 337.4792 -7.1042
vt 337.4792 -6.0208
vt 338.5625 -6.0208
vt 338.5625 -7.1042
vt 337.4792 -7.1042
vt 338.5625 -7.1042
vt 338.5625 -6.0208
vt 337.4792 -6.0208
vt 337.4792 0.0000
vt 338.5625 0.0000
vt 338.5625 1.2500
vt 337.4792 1.2500
vt 338.5625 0.0000
vt 337.4792 0.0000
vt 337.4792 1.2500
vt 338.5625 1.2500
vt -7.1042 0.0000
vt -6.0208 0.0000
vt -6.0208 1.2500
vt -7.1042 1.2500
vt -6.0208 0.0000
vt -7.1042 0.0000
vt -7.1042 1.2500
vt -6.0208 1.2500
vt 338.4167 -7.1042
vt 338.4167 -6.0208
vt 339.5000 -6.0208
vt 339.5000 -7.1042
vt 338.4167 -7.1042
vt 339.5000 -7.1042
vt 339.5000 -6.0208
vt 338.4167 -6.0208
vt 338.4167 0.0000
vt 339.5000 0.0000
vt 339.5000 1.2500
vt 338.4167 1.2500
vt 339.5000 0.0000
vt 338.4167 0.0000
vt 338.4167 1.2500
vt 339.5000 1.2500
vt -7.1042 0.0000
vt -6.0208 0.0000
vt -6.0208 1.2500
vt -7.1042 1.2500
vt -6.0208 0.0000
vt -7.1042 0.0000
vt -7.1042 1.2500
vt -6.0208 1.2500
vt 339.3542 -7.1042
vt 339.3542 -6.0208
vt 340.4375 -6.0208
vt 340.4375 -7.1042
vt 339.3542 -7.1042
vt 340.4375 -7.1042
vt 340.4375 -6.0208
vt 339.3542 -6.0208
vt 339.3542 0.0000
vt 340.4375 0.0000
vt 340.4375 1.2500
vt 339.3542 1.2500
vt 340.4375 0.0000
vt 339.3542 0.0000
vt 339.3542 1.2500
vt 340.4375 1.2500
vt -7.1042 0.0000
vt -6.0208 0.0000
vt -6.0208 1.2500
vt -7.1042 1.2500
vt -6.0208 0.0000
vt -7.1042 0.0000
vt -7.1042 1.2500
vt -6.0208 1.2500
vt 343.1042 -7.1042
vt 343.1042 -6.0208
vt 344.1875 -6.0208
vt 344.1875 -7.1042
vt 343.1042 -7.1042
vt 344.1875 -7.1042
vt 344.1875 -6.0208
vt 343.1042 -6.0208
vt 343.1042 0.0000
vt 344.1875 0.0000
vt 344.1875 1.2500
vt 343.1042 1.2500
vt 344.1875 0.0000
vt 343.1042 0.0000
vt 343.1042 1.2500
vt 344.1875 1.2500
vt -7.1042 0.0000
vt -6.0208 0.0000
vt -6.0208 1.2500
vt -7.1042 1.2500
vt -6.0208 0.0000
vt -7.1042 0.0000
vt -7.1042 1.2500
vt -6.0208 1.2500
vt 344.9792 -7.1042
vt 344.9792 -6.0208
vt 346.0625 -6.0208
vt 346.0625 -7.1042
vt 344.9792 -7.1042
vt 346.0625 -7.1042
vt 346.0625 -6.0208
vt 344.9792 -6.0208
vt 344.9792 0.0000
vt 346.0625 0.0000
vt 346.0625 1.2500
vt 344.9792 1.2500
vt 346.0625 0.0000
vt 344.9792 0.0000
vt 344.9792 1.2500
vt 346.0625 1.2500
vt -7.1042 0.0000
vt -6.0208 0.0000
vt -6.0208 1.2500
vt -7.1042 1.2500
vt -6.0208 0.0000
vt -7.1042 0.0000
vt -7.1042 1.2500
vt -6.0208 1.2500
vt 346.8542 -7.1042
vt 346.8542 -6.0208
vt 347.9375 -6.0208
vt 347.9375 -7.1042
vt 346.8542 -7.1042
vt 347.9375 -7.1042
vt 347.9375 -6.0208
vt 346.8542 -6.0208
vt 346.8542 0.0000
vt 347.9375 0.0000
vt 347.9375 1.2500
vt 346.8542 1.2500
vt 347.9375 0.0000
vt 346.8542 0.0000
vt 346.8542 1.2500
vt 347.9375 1.2500
vt -7.1042 0.0000
vt -6.0208 0.0000
vt -6.0208 1.2500
vt -7.1042 1.2500
vt -6.0208 0.0000
vt -7.1042 0.0000
vt -7.1042 1.2500
vt -6.0208 1.2500
vt 347.7917 -7.1042
vt 347.7917 -6.0208
vt 348.8750 -6.0208
vt 348.8750 -7.1042
vt 347.7917 -7.1042
vt 348.8750 -7.1042
vt 348.8750 -6.0208
vt 347.7917 -6.0208
vt 347.7917 0.0000
vt 348.8750 0.0000
vt 348.8750 1.2500
vt 347.7917 1.2500
vt 348.8750 0.0000
vt 347.7917 0.0000
vt 347.7917 1.2500
vt 348.8750 1.2500
vt -7.1042 0.0000
vt -6.0208 0.0000
vt -6.0208 1.2500
vt -7.1042 1.2500
vt -6.0208 0.0000
vt -7.1042 0.0000
vt -7.1042 1.2500
vt -6.0208 1.2500
vt 343.1042 -6.1667
vt 343.1042 -5.0833
vt 344.1875 -5.0833
vt 344.1875 -6.1667
vt 343.1042 -6.1667
vt 344.1875 -6.1667
vt 344.1875 -5.0833
vt 343.1042 -5.0833
vt 343.1042 0.0000
vt 344.1875 0.0000
vt 344.1875 1.2500
vt 343.1042 1.2500
vt 344.1875 0.0000
vt 343.1042 0.0000
vt 343.1042 1.2500
vt 344.1875 1.2500
vt -6.1667 0.0000
vt -5.0833 0.0000
vt -5.0833 1.2500
vt -6.1667 1.2500
vt -5.0833 0.0000
vt -6.1667 0.0000
vt -6.1667 1.2500
vt -5.0833 1.2500
vt 344.9792 -6.1667
vt 344.9792 -5.0833
vt 346.0625 -5.0833
vt 346.0625 -6.1667
vt 344.9792 -6.1667
vt 346.0625 -6.1667
vt 346.0625 -5.0833
vt 344.9792 -5.0833
vt 344.9792 0.0000
vt 346.0625 0.0000
vt 346.0625 1.2500
vt 344.9792 1.2500
vt 346.0625 0.0000
vt 344.9792 0.0000
vt 344.9792 1.2500
vt 346.0625 1.2500
vt -6.1667 0.0000
vt -5.0833 0.0000
vt -5.0833 1.2500
vt -6.1667 1.2500
vt -5.0833 0.0000
vt -6.1667 0.0000
vt -6.1667 1.2500
vt -5.0833 1.2500
vt 337.4792 -5.2292
vt 337.4792 -4.1458
vt 338.5625 -4.1458
vt 338.5625 -5.2292
vt 337.4792 -5.2292
vt 338.5625 -5.2292
vt 338.5625 -4.1458
vt 337.4792 -4.1458
vt 337.4792 0.0000
vt 338.5625 0.0000
vt 338.5625 1.2500
vt 337.4792 1.2500
vt 338.5625 0.0000
vt 337.4792 0.0000
vt 337.4792 1.2500
vt 338.5625 1.2500
vt -5.2292 0.0000
vt -4.1458 0.0000
vt -4.1458 1.2500
vt -5.2292 1.2500
vt -4.1458 0.0000
vt -5.2292 0.0000
vt -5.2292 1.2500
vt -4.1458 1.2500
vt 339.3542 -5.2292
vt 339.3542 -4.1458
vt 340.4375 -4.1458
vt 340.4375 -5.2292
vt 339.3542 -5.2292
vt 340.4375 -5.2292
vt 340.4375 -4.1458
vt 339.3542 -4.1458
vt 339.3542 0.0000
vt 340.4375 0.0000
vt 340.4375 1.2500
vt 339.3542 1.2500
vt 340.4375 0.0000
vt 339.3542 0.0000
vt 339.3542 1.2500
vt 340.4375 1.2500
vt -5.2292 0.0000
vt -4.1458 0.0000
vt -4.1458 1.2500
vt -5.2292 1.2500
vt -4.1458 0.0000
vt -5.2292 0.0000
vt -5.2292 1.2500
vt -4.1458 1.2500
vt 343.1042 -5.2292
vt 343.1042 -4.1458
vt 344.1875 -4.1458
vt 344.1875 -5.2292
vt 343.1042 -5.2292
vt 344.1875 -5.2292
vt 344.1875 -4.1458
vt 343.1042 -4.1458
vt 343.1042 0.0000
vt 344.1875 0.0000
vt 344.1875 1.2500
vt 343.1042 1.2500
vt 344.1875 0.0000
vt 343.1042 0.0000
vt 343.1042 1.2500
vt 344.1875 1.2500
vt -5.2292 0.0000
vt -4.1458 0.0000
vt -4.1458 1.2500
vt -5.2292 1.2500
vt -4.1458 0.0000
vt -5.2292 0.0000
vt -5.2292 1.2500
vt -4.1458 1.2500
vt 344.9792 -5.2292
vt 344.9792 -4.1458
vt 346.0625 -4.1458
vt 346.0625 -5.2292
vt 344.9792 -5.2292
vt 346.0625 -5.2292
vt 346.0625 -4.1458
vt 344.9792 -4.1458
vt 344.9792 0.0000
vt 346.0625 0.0000
vt 346.0625 1.2500
vt 344.9792 1.2500
vt 346.0625 0.0000
vt 344.9792 0.0000
vt 344.9792 1.2500
vt 346.0625 1.2500
vt -5.2292 0.0000
vt -4.1458 0.0000
vt -4.1458 1.2500
vt -5.2292 1.2500
vt -4.1458 0.0000
vt -5.2292 0.0000
vt -5.2292 1.2500
vt -4.1458 1.2500
vt 345.9167 -5.2292
vt 345.9167 -4.1458
vt 347.0000 -4.1458
vt 347.0000 -5.2292
vt 345.9167 -5.2292
vt 347.0000 -5.2292
vt 347.0000 -4.1458
vt 345.9167 -4.1458
vt 345.9167 0.0000
vt 347.0000 0.0000
vt 347.0000 1.2500
vt 345.9167 1.2500
vt 347.0000 0.0000
vt 345.9167 0.0000
vt 345.9167 1.2500
vt 347.0000 1.2500
vt -5.2292 0.0000
vt -4.1458 0.0000
vt -4.1458 1.2500
vt -5.2292 1.2500
vt -4.1458 0.0000
vt -5.2292 0.0000
vt -5.2292 1.2500
vt -4.1458 1.2500
vt 346.8542 -5.2292
vt 346.8542 -4.1458
vt 347.9375 -4.1458
vt 347.9375 -5.2292
vt 346.8542 -5.2292
vt 347.9375 -5.2292
vt 347.9375 -4.1458
vt 346.8542 -4.1458
vt 346.8542 0.0000
vt 347.9375 0.0000
vt 347.9375 1.2500
vt 346.8542 1.2500
vt 347.9375 0.0000
vt 346.8542 0.0000
vt 346.8542 1.2500
vt 347.9375 1.2500
vt -5.2292 0.0000
vt -4.1458 0.0000
vt -4.1458 1.2500
vt -5.2292 1.2500
vt -4.1458 0.0000
vt -5.2292 0.0000
vt -5.2292 1.2500
vt -4.1458 1.2500
vt 337.4792 -4.2917
vt 337.4792 -3.2083
vt 338.5625 -3.2083
vt 338.5625 -4.2917
vt 337.4792 -4.2917
vt 338.5625 -4.2917
vt 338.5625 -3.2083
vt 337.4792 -3.2083
vt 337.4792 0.0000
vt 338.5625 0.0000
vt 338.5625 1.2500
vt 337.4792 1.2500
vt 338.5625 0.0000
vt 337.4792 0.0000
vt 337.4792 1.2500
vt 338.5625 1.2500
vt -4.2917 0.0000
vt -3.2083 0.0000
vt -3.2083 1.2500
vt -4.2917 1.2500
vt -3.2083 0.0000
vt -4.2917 0.0000
vt -4.2917 1.2500
vt -3.2083 1.2500
vt 339.3542 -4.2917
vt 339.3542 -3.2083
vt 340.4375 -3.2083
vt 340.4375 -4.2917
vt 339.3542 -4.2917
vt 340.4375 -4.2917
vt 340.4375 -3.2083
vt 339.3542 -3.2083
vt 339.3542 0.0000
vt 340.4375 0.0000
vt 340.4375 1.2500
vt 339.3542 1.2500
vt 340.4375 0.0000
vt 339.3542 0.0000
vt 339.3542 1.2500
vt 340.4375 1.2500
vt -4.2917 0.0000
vt -3.2083 0.0000
vt -3.2083 1.2500
vt -4.2917 1.2500
vt -3.2083 0.0000
vt -4.2917 0.0000
vt -4.2917 1.2500
vt -3.2083 1.2500
vt 337.4792 -3.3542
vt 337.4792 -2.2708
vt 338.5625 -2.2708
vt 338.5625 -3.3542
vt 337.4792 -3.3542
vt 338.5625 -3.3542
vt 338.5625 -2.2708
vt 337.4792 -2.2708
vt 337.4792 0.0000
vt 338.5625 0.0000
vt 338.5625 1.2500
vt 337.4792 1.2500
vt 338.5625 0.0000
vt 337.4792 0.0000
vt 337.4792 1.2500
vt 338.5625 1.2500
vt -3.3542 0.0000
vt -2.2708 0.0000
vt -2.2708 1.2500
vt -3.3542 1.2500
vt -2.2708 0.0000
vt -3.3542 0.0000
vt -3.3542 1.2500
vt -2.2708 1.2500
vt 339.3542 -3.3542
vt 339.3542 -2.2708
vt 340.4375 -2.2708
vt 340.4375 -3.3542
vt 339.3542 -3.3542
vt 340.4375 -3.3542
vt 340.4375 -2.2708
vt 339.3542 -2.2708
vt 339.3542 0.0000
vt 340.4375 0.0000
vt 340.4375 1.2500
vt 339.3542 1.2500
vt 340.4375 0.0000
vt 339.3542 0.0000
vt 339.3542 1.2500
vt 340.4375 1.2500
vt -3.3542 0.0000
vt -2.2708 0.0000
vt -2.2708 1.2500
vt -3.3542 1.2500
vt -2.2708 0.0000
vt -3.3542 0.0000
vt -3.3542 1.2500
vt -2.2708 1.2500
vt 340.2917 -3.3542
vt 340.2917 -2.2708
vt 341.3750 -2.2708
vt 341.3750 -3.3542
vt 340.2917 -3.3542
vt 341.3750 -3.3542
vt 341.3750 -2.2708
vt 340.2917 -2.2708
vt 340.2917 0.0000
vt 341.3750 0.0000
vt 341.3750 1.2500
vt 340.2917 1.2500
vt 341.3750 0.0000
vt 340.2917 0.0000
vt 340.2917 1.2500
vt 341.3750 1.2500
vt -3.3542 0.0000
vt -2.2708 0.0000
vt -2.2708 1.2500
vt -3.3542 1.2500
vt -2.2708 0.0000
vt -3.3542 0.0000
vt -3.3542 1.2500
vt -2.2708 1.2500
vt 341.2292 -3.3542
vt 341.2292 -2.2708
vt 342.3125 -2.2708
vt 342.3125 -3.3542
vt 341.2292 -3.3542
vt 342.3125 -3.3542
vt 342.3125 -2.2708
vt 341.2292 -2.2708
vt 341.2292 0.0000
vt 342.3125 0.0000
vt 342.3125 1.2500
vt 341.2292 1.2500
vt 342.3125 0.0000
vt 341.2292 0.0000
vt 341.2292 1.2500
vt 342.3125 1.2500
vt -3.3542 0.0000
vt -2.2708 0.0000
vt -2.2708 1.2500
vt -3.3542 1.2500
vt -2.2708 0.0000
vt -3.3542 0.0000
vt -3.3542 1.2500
vt -2.2708 1.2500
vt 342.1667 -3.3542
vt 342.1667 -2.2708
vt 343.2500 -2.2708
vt 343.2500 -3.3542
vt 342.1667 -3.3542
vt 343.2500 -3.3542
vt 343.2500 -2.2708
vt 342.1667 -2.2708
vt 342.1667 0.0000
vt 343.2500 0.0000
vt 343.2500 1.2500
vt 342.1667 1.2500
vt 343.2500 0.0000
vt 342.1667 0.0000
vt 342.1667 1.2500
vt 343.2500 1.2500
vt -3.3542 0.0000
vt -2.2708 0.0000
vt -2.2708 1.2500
vt -3.3542 1.2500
vt -2.2708 0.0000
vt -3.3542 0.0000
vt -3.3542 1.2500
vt -2.2708 1.2500
vt 343.1042 -3.3542
vt 343.1042 -2.2708
vt 344.1875 -2.2708
vt 344.1875 -3.3542
vt 343.1042 -3.3542
vt 344.1875 -3.3542
vt 344.1875 -2.2708
vt 343.1042 -2.2708
vt 343.1042 0.0000
vt 344.1875 0.0000
vt 344.1875 1.2500
vt 343.1042 1.2500
vt 344.1875 0.0000
vt 343.1042 0.0000
vt 343.1042 1.2500
vt 344.1875 1.2500
vt -3.3542 0.0000
vt -2.2708 0.0000
vt -2.2708 1.2500
vt -3.3542 1.2500
vt -2.2708 0.0000
vt -3.3542 0.0000
vt -3.3542 1.2500
vt -2.2708 1.2500
vt 344.9792 -3.3542
vt 344.9792 -2.2708
vt 346.0625 -2.2708
vt 346.0625 -3.3542
vt 344.9792 -3.3542
vt 346.0625 -3.3542
vt 346.0625 -2.2708
vt 344.9792 -2.2708
vt 344.9792 0.0000
vt 346.0625 0.0000
vt 346.0625 1.2500
vt 344.9792 1.2500
vt 346.0625 0.0000
vt 344.9792 0.0000
vt 344.9792 1.2500
vt 346.0625 1.2500
vt -3.3542 0.0000
vt -2.2708 0.0000
vt -2.2708 1.2500
vt -3.3542 1.2500
vt -2.2708 0.0000
vt -3.3542 0.0000
vt -3.3542 1.2500
vt -2.2708 1.2500
vt 345.9167 -3.3542
vt 345.9167 -2.2708
vt 347.0000 -2.2708
vt 347.0000 -3.3542
vt 345.9167 -3.3542
vt 347.0000 -3.3542
vt 347.0000 -2.2708
vt 345.9167 -2.2708
vt 345.9167 0.0000
vt 347.0000 0.0000
vt 347.0000 1.2500
vt 345.9167 1.2500
vt 347.0000 0.0000
vt 345.9167 0.0000
vt 345.9167 1.2500
vt 347.0000 1.2500
vt -3.3542 0.0000
vt -2.2708 0.0000
vt -2.2708 1.2500
vt -3.3542 1.2500
vt -2.2708 0.0000
vt -3.3542 0.0000
vt -3.3542 1.2500
vt -2.2708 1.2500
vt 346.8542 -3.3542
vt 346.8542 -2.2708
vt 347.9375 -2.2708
vt 347.9375 -3.3542
vt 346.8542 -3.3542
vt 347.9375 -3.3542
vt 347.9375 -2.2708
vt 346.8542 -2.2708
vt 346.8542 0.0000
vt 347.9375 0.0000
vt 347.9375 1.2500
vt 346.8542 1.2500
vt 347.9375 0.0000
vt 346.8542 0.0000
vt 346.8542 1.2500
vt 347.9375 1.2500
vt -3.3542 0.0000
vt -2.2708 0.0000
vt -2.2708 1.2500
vt -3.3542 1.2500
vt -2.2708 0.0000
vt -3.3542 0.0000
vt -3.3542 1.2500
vt -2.2708 1.2500
vt 347.7917 -3.3542
vt 347.7917 -2.2708
vt 348.8750 -2.2708
vt 348.8750 -3.3542
vt 347.7917 -3.3542
vt 348.8750 -3.3542
vt 348.8750 -2.2708
vt 347.7917 -2.2708
vt 347.7917 0.0000
vt 348.8750 0.0000
vt 348.8750 1.2500
vt 347.7917 1.2500
vt 348.8750 0.0000
vt 347.7917 0.0000
vt 347.7917 1.2500
vt 348.8750 1.2500
vt -3.3542 0.0000
vt -2.2708 0.0000
vt -2.2708 1.2500
vt -3.3542 1.2500
vt -2.2708 0.0000
vt -3.3542 0.0000
vt -3.3542 1.2500
vt -2.2708 1.2500
vt 337.4792 -2.4167
vt 337.4792 -1.3333
vt 338.5625 -1.3333
vt 338.5625 -2.4167
vt 337.4792 -2.4167
vt 338.5625 -2.4167
vt 338.5625 -1.3333
vt 337.4792 -1.3333
vt 337.4792 0.0000
vt 338.5625 0.0000
vt 338.5625 1.2500
vt 337.4792 1.2500
vt 338.5625 0.0000
vt 337.4792 0.0000
vt 337.4792 1.2500
vt 338.5625 1.2500
vt -2.4167 0.0000
vt -1.3333 0.0000
vt -1.3333 1.2500
vt -2.4167 1.2500
vt -1.3333 0.0000
vt -2.4167 0.0000
vt -2.4167 1.2500
vt -1.3333 1.2500
vt 339.3542 -2.4167
vt 339.3542 -1.3333
vt 340.4375 -1.3333
vt 340.4375 -2.4167
vt 339.3542 -2.4167
vt 340.4375 -2.4167
vt 340.4375 -1.3333
vt 339.3542 -1.3333
vt 339.3542 0.0000
vt 340.4375 0.0000
vt 340.4375 1.2500
vt 339.3542 1.2500
vt 340.4375 0.0000
vt 339.3542 0.0000
vt 339.3542 1.2500
vt 340.4375 1.2500
vt -2.4167 0.0000
vt -1.3333 0.0000
vt -1.3333 1.2500
vt -2.4167 1.2500
vt -1.3333 0.0000
vt -2.4167 0.0000
vt -2.4167 1.2500
vt -1.3333 1.2500
vt 337.4792 -1.4792
vt 337.4792 -0.3958
vt 338.5625 -0.3958
vt 338.5625 -1.4792
vt 337.4792 -1.4792
vt 338.5625 -1.4792
vt 338.5625 -0.3958
vt 337.4792 -0.3958
vt 337.4792 0.0000
vt 338.5625 0.0000
vt 338.5625 1.2500
vt 337.4792 1.2500
vt 338.5625 0.0000
vt 337.4792 0.0000
vt 337.4792 1.2500
vt 338.5625 1.2500
vt -1.4792 0.0000
vt -0.3958 0.0000
vt -0.3958 1.2500
vt -1.4792 1.2500
vt -0.3958 0.0000
vt -1.4792 0.0000
vt -1.4792 1.2500
vt -0.3958 1.2500
vt 339.3542 -1.4792
vt 339.3542 -0.3958
vt 340.4375 -0.3958
vt 340.4375 -1.4792
vt 339.3542 -1.4792
vt 340.4375 -1.4792
vt 340.4375 -0.3958
vt 339.3542 -0.3958
vt 339.3542 0.0000
vt 340.4375 0.0000
vt 340.4375 1.2500
vt 339.3542 1.2500
vt 340.4375 0.0000
vt 339.3542 0.0000
vt 339.3542 1.2500
vt 340.4375 1.2500
vt -1.4792 0.0000
vt -0.3958 0.0000
vt -0.3958 1.2500
vt -1.4792 1.2500
vt -0.3958 0.0000
vt -1.4792 0.0000
vt -1.4792 1.2500
vt -0.3958 1.2500
vt 343.1042 -1.4792
vt 343.1042 -0.3958
vt 344.1875 -0.3958
vt 344.1875 -1.4792
vt 343.1042 -1.4792
vt 344.1875 -1.4792
vt 344.1875 -0.3958
vt 343.1042 -0.3958
vt 343.1042 0.0000
vt 344.1875 0.0000
vt 344.1875 1.2500
vt 343.1042 1.2500
vt 344.1875 0.0000
vt 343.1042 0.0000
vt 343.1042 1.2500
vt 344.1875 1.2500
vt -1.4792 0.0000
vt -0.3958 0.0000
vt -0.3958 1.2500
vt -1.4792 1.2500
vt -0.3958 0.0000
vt -1.4792 0.0000
vt -1.4792 1.2500
vt -0.3958 1.2500
vt 344.0417 -1.4792
vt 344.0417 -0.3958
vt 345.1250 -0.3958
vt 345.1250 -1.4792
vt 344.0417 -1.4792
vt 345.1250 -1.4792
vt 345.1250 -0.3958
vt 344.0417 -0.3958
vt 344.0417 0.0000
vt 345.1250 0.0000
vt 345.1250 1.2500
vt 344.0417 1.2500
vt 345.1250 0.0000
vt 344.0417 0.0000
vt 344.0417 1.2500
vt 345.1250 1.2500
vt -1.4792 0.0000
vt -0.3958 0.0000
vt -0.3958 1.2500
vt -1.4792 1.2500
vt -0.3958 0.0000
vt -1.4792 0.0000
vt -1.4792 1.2500
vt -0.3958 1.2500
vt 344.9792 -1.4792
vt 344.9792 -0.3958
vt 346.0625 -0.3958
vt 346.0625 -1.4792
vt 344.9792 -1.4792
vt 346.0625 -1.4792
vt 346.0625 -0.3958
vt 344.9792 -0.3958
vt 344.9792 0.0000
vt 346.0625 0.0000
vt 346.0625 1.2500
vt 344.9792 1.2500
vt 346.0625 0.0000
vt 344.9792 0.0000
vt 344.9792 1.2500
vt 346.0625 1.2500
vt -1.4792 0.0000
vt -0.3958 0.0000
vt -0.3958 1.2500
vt -1.4792 1.2500
vt -0.3958 0.0000
vt -1.4792 0.0000
vt -1.4792 1.2500
vt -0.3958 1.2500
vt 345.9167 -1.4792
vt 345.9167 -0.3958
vt 347.0000 -0.3958
vt 347.0000 -1.4792
vt 345.9167 -1.4792
vt 347.0000 -1.4792
vt 347.0000 -0.3958
vt 345.9167 -0.3958
vt 345.9167 0.0000
vt 347.0000 0.0000
vt 347.0000 1.2500
vt 345.9167 1.2500
vt 347.0000 0.0000
vt 345.9167 0.0000
vt 345.9167 1.2500
vt 347.0000 1.2500
vt -1.4792 0.0000
vt -0.3958 0.0000
vt -0.3958 1.2500
vt -1.4792 1.2500
vt -0.3958 0.0000
vt -1.4792 0.0000
vt -1.4792 1.2500
vt -0.3958 1.2500
vt 346.8542 -1.4792
vt 346.8542 -0.3958
vt 347.9375 -0.3958
vt 347.9375 -1.4792
vt 346.8542 -1.4792
vt 347.9375 -1.4792
vt 347.9375 -0.3958
vt 346.8542 -0.3958
vt 346.8542 0.0000
vt 347.9375 0.0000
vt 347.9375 1.2500
vt 346.8542 1.2500
vt 347.9375 0.0000
vt 346.8542 0.0000
vt 346.8542 1.2500
vt 347.9375 1.2500
vt -1.4792 0.0000
vt -0.3958 0.0000
vt -0.3958 1.2500
vt -1.4792 1.2500
vt -0.3958 0.0000
vt -1.4792 0.0000
vt -1.4792 1.2500
vt -0.3958 1.2500
vt 337.4792 -0.5417
vt 337.4792 0.5417
vt 338.5625 0.5417
vt 338.5625 -0.5417
vt 337.4792 -0.5417
vt 338.5625 -0.5417
vt 338.5625 0.5417
vt 337.4792 0.5417
vt 337.4792 0.0000
vt 338.5625 0.0000
vt 338.5625 1.2500
vt 337.4792 1.2500
vt 338.5625 0.0000
vt 337.4792 0.0000
vt 337.4792 1.2500
vt 338.5625 1.2500
vt -0.5417 0.0000
vt 0.5417 0.0000
vt 0.5417 1.2500
vt -0.5417 1.2500
vt 0.5417 0.0000
vt -0.5417 0.0000
vt -0.5417 1.2500
vt 0.5417 1.2500
vt 339.3542 -0.5417
vt 339.3542 0.5417
vt 340.4375 0.5417
vt 340.4375 -0.5417
vt 339.3542 -0.5417
vt 340.4375 -0.5417
vt 340.4375 0.5417
vt 339.3542 0.5417
vt 339.3542 0.0000
vt 340.4375 0.0000
vt 340.4375 1.2500
vt 339.3542 1.2500
vt 340.4375 0.0000
vt 339.3542 0.0000
vt 339.3542 1.2500
vt 340.4375 1.2500
vt -0.5417 0.0000
vt 0.5417 0.0000
vt 0.5417 1.2500
vt -0.5417 1.2500
vt 0.5417 0.0000
vt -0.5417 0.0000
vt -0.5417 1.2500
vt 0.5417 1.2500
vt 344.9792 -0.5417
vt 344.9792 0.5417
vt 346.0625 0.5417
vt 346.0625 -0.5417
vt 344.9792 -0.5417
vt 346.0625 -0.5417
vt 346.0625 0.5417
vt 344.9792 0.5417
vt 344.9792 0.0000
vt 346.0625 0.0000
vt 346.0625 1.2500
vt 344.9792 1.2500
vt 346.0625 0.0000
vt 344.9792 0.0000
vt 344.9792 1.2500
vt 346.0625 1.2500
vt -0.5417 0.0000
vt 0.5417 0.0000
vt 0.5417 1.2500
vt -0.5417 1.2500
vt 0.5417 0.0000
vt -0.5417 0.0000
vt -0.5417 1.2500
vt 0.5417 1.2500
vt 337.4792 0.3958
vt 337.4792 1.4792
vt 338.5625 1.4792
vt 338.5625 0.3958
vt 337.4792 0.3958
vt 338.5625 0.3958
vt 338.5625 1.4792
vt 337.4792 1.4792
vt 337.4792 0.0000
vt 338.5625 0.0000
vt 338.5625 1.2500
vt 337.4792 1.2500
vt 338.5625 0.0000
vt 337.4792 0.0000
vt 337.4792 1.2500
vt 338.5625 1.2500
vt 0.3958 0.0000
vt 1.4792 0.0000
vt 1.4792 1.2500
vt 0.3958 1.2500
vt 1.4792 0.0000
vt 0.3958 0.0000
vt 0.3958 1.2500
vt 1.4792 1.2500
vt 339.3542 0.3958
vt 339.3542 1.4792
vt 340.4375 1.4792
vt 340.4375 0.3958
vt 339.3542 0.3958
vt 340.4375 0.3958
vt 340.4375 1.4792
vt 339.3542 1.4792
vt 339.3542 0.0000
vt 340.4375 0.0000
vt 340.4375 1.2500
vt 339.3542 1.2500
vt 340.4375 0.0000
vt 339.3542 0.0000
vt 339.3542 1.2500
vt 340.4375 1.2500
vt 0.3958 0.0000
vt 1.4792 0.0000
vt 1.4792 1.2500
vt 0.3958 1.2500
vt 1.4792 0.0000
vt 0.3958 0.0000
vt 0.3958 1.2500
vt 1.4792 1.2500
vt 341.2292 0.3958
vt 341.2292 1.4792
vt 342.3125 1.4792
vt 342.3125 0.3958
vt 341.2292 0.3958
vt 342.3125 0.3958
vt 342.3125 1.4792
vt 341.2292 1.4792
vt 341.2292 0.0000
vt 342.3125 0.0000
vt 342.3125 1.2500
vt 341.2292 1.2500
vt 342.3125 0.0000
vt 341.2292 0.0000
vt 341.2292 1.2500
vt 342.3125 1.2500
vt 0.3958 0.0000
vt 1.4792 0.0000
vt 1.4792 1.2500
vt 0.3958 1.2500
vt 1.4792 0.0000
vt 0.3958 0.0000
vt 0.3958 1.2500
vt 1.4792 1.2500
vt 343.1042 0.3958
vt 343.1042 1.4792
vt 344.1875 1.4792
vt 344.1875 0.3958
vt 343.1042 0.3958
vt 344.1875 0.3958
vt 344.1875 1.4792
vt 343.1042 1.4792
vt 343.1042 0.0000
vt 344.1875 0.0000
vt 344.1875 1.2500
vt 343.1042 1.2500
vt 344.1875 0.0000
vt 343.1042 0.0000
vt 343.1042 1.2500
vt 344.1875 1.2500
vt 0.3958 0.0000
vt 1.4792 0.0000
vt 1.4792 1.2500
vt 0.3958 1.2500
vt 1.4792 0.0000
vt 0.3958 0.0000
vt 0.3958 1.2500
vt 1.4792 1.2500
vt 344.9792 0.3958
vt 344.9792 1.4792
vt 346.0625 1.4792
vt 346.0625 0.3958
vt 344.9792 0.3958
vt 346.0625 0.3958
vt 346.0625 1.4792
vt 344.9792 1.4792
vt 344.9792 0.0000
vt 346.0625 0.0000
vt 346.0625 1.2500
vt 344.9792 1.2500
vt 346.0625 0.0000
vt 344.9792 0.0000
vt 344.9792 1.2500
vt 346.0625 1.2500
vt 0.3958 0.0000
vt 1.4792 0.0000
vt 1.4792 1.2500
vt 0.3958 1.2500
vt 1.4792 0.0000
vt 0.3958 0.0000
vt 0.3958 1.2500
vt 1.4792 1.2500
vt 346.8542 0.3958
vt 346.8542 1.4792
vt 347.9375 1.4792
vt 347.9375 0.3958
vt 346.8542 0.3958
vt 347.9375 0.3958
vt 347.9375 1.4792
vt 346.8542 1.4792
vt 346.8542 0.0000
vt 347.9375 0.0000
vt 347.9375 1.2500
vt 346.8542 1.2500
vt 347.9375 0.0000
vt 346.8542 0.0000
vt 346.8542 1.2500
vt 347.9375 1.2500
vt 0.3958 0.0000
vt 1.4792 0.0000
vt 1.4792 1.2500
vt 0.3958 1.2500
vt 1.4792 0.0000
vt 0.3958 0.0000
vt 0.3958 1.2500
vt 1.4792 1.2500
vt 347.7917 0.3958
vt 347.7917 1.4792
vt 348.8750 1.4792
vt 348.8750 0.3958
vt 347.7917 0.3958
vt 348.8750 0.3958
vt 348.8750 1.4792
vt 347.7917 1.4792
vt 347.7917 0.0000
vt 348.8750 0.0000
vt 348.8750 1.2500
vt 347.7917 1.2500
vt 348.8750 0.0000
vt 347.7917 0.0000
vt 347.7917 1.2500
vt 348.8750 1.2500
vt 0.3958 0.0000
vt 1.4792 0.0000
vt 1.4792 1.2500
vt 0.3958 1.2500
vt 1.4792 0.0000
vt 0.3958 0.0000
vt 0.3958 1.2500
vt 1.4792 1.2500
vt 337.4792 1.3333
vt 337.4792 2.4167
vt 338.5625 2.4167
vt 338.5625 1.3333
vt 337.4792 1.3333
vt 338.5625 1.3333
vt 338.5625 2.4167
vt 337.4792 2.4167
vt 337.4792 0.0000
vt 338.5625 0.0000
vt 338.5625 1.2500
vt 337.4792 1.2500
vt 338.5625 0.0000
vt 337.4792 0.0000
vt 337.4792 1.2500
vt 338.5625 1.2500
vt 1.3333 0.0000
vt 2.4167 0.0000
vt 2.4167 1.2500
vt 1.3333 1.2500
vt 2.4167 0.0000
vt 1.3333 0.0000
vt 1.3333 1.2500
vt 2.4167 1.2500
vt 339.3542 1.3333
vt 339.3542 2.4167
vt 340.4375 2.4167
vt 340.4375 1.3333
vt 339.3542 1.3333
vt 340.4375 1.3333
vt 340.4375 2.4167
vt 339.3542 2.4167
vt 339.3542 0.0000
vt 340.4375 0.0000
vt 340.4375 1.2500
vt 339.3542 1.2500
vt 340.4375 0.0000
vt 339.3542 0.0000
vt 339.3542 1.2500
vt 340.4375 1.2500
vt 1.3333 0.0000
vt 2.4167 0.0000
vt 2.4167 1.2500
vt 1.3333 1.2500
vt 2.4167 0.0000
vt 1.3333 0.0000
vt 1.3333 1.2500
vt 2.4167 1.2500
vt 341.2292 1.3333
vt 341.2292 2.4167
vt 342.3125 2.4167
vt 342.3125 1.3333
vt 341.2292 1.3333
vt 342.3125 1.3333
vt 342.3125 2.4167
vt 341.2292 2.4167
vt 341.2292 0.0000
vt 342.3125 0.0000
vt 342.3125 1.2500
vt 341.2292 1.2500
vt 342.3125 0.0000
vt 341.2292 0.0000
vt 341.2292 1.2500
vt 342.3125 1.2500
vt 1.3333 0.0000
vt 2.4167 0.0000
vt 2.4167 1.2500
vt 1.3333 1.2500
vt 2.4167 0.0000
vt 1.3333 0.0000
vt 1.3333 1.2500
vt 2.4167 1.2500
vt 343.1042 1.3333
vt 343.1042 2.4167
vt 344.1875 2.4167
vt 344.1875 1.3333
vt 343.1042 1.3333
vt 344.1875 1.3333
vt 344.1875 2.4167
vt 343.1042 2.4167
vt 343.1042 0.0000
vt 344.1875 0.0000
vt 344.1875 1.2500
vt 343.1042 1.2500
vt 344.1875 0.0000
vt 343.1042 0.0000
vt 343.1042 1.2500
vt 344.1875 1.2500
vt 1.3333 0.0000
vt 2.4167 0.0000
vt 2.4167 1.2500
vt 1.3333 1.2500
vt 2.4167 0.0000
vt 1.3333 0.0000
vt 1.3333 1.2500
vt 2.4167 1.2500
vt 344.9792 1.3333
vt 344.9792 2.4167
vt 346.0625 2.4167
vt 346.0625 1.3333
vt 344.9792 1.3333
vt 346.0625 1.3333
vt 346.0625 2.4167
vt 344.9792 2.4167
vt 344.9792 0.0000
vt 346.0625 0.0000
vt 346.0625 1.2500
vt 344.9792 1.2500
vt 346.0625 0.0000
vt 344.9792 0.0000
vt 344.9792 1.2500
vt 346.0625 1.2500
vt 1.3333 0.0000
vt 2.4167 0.0000
vt 2.4167 1.2500
vt 1.3333 1.2500
vt 2.4167 0.0000
vt 1.3333 0.0000
vt 1.3333 1.2500
vt 2.4167 1.2500
vt 337.4792 2.2708
vt 337.4792 3.3542
vt 338.5625 3.3542
vt 338.5625 2.2708
vt 337.4792 2.2708
vt 338.5625 2.2708
vt 338.5625 3.3542
vt 337.4792 3.3542
vt 337.4792 0.0000
vt 338.5625 0.0000
vt 338.5625 1.2500
vt 337.4792 1.2500
vt 338.5625 0.0000
vt 337.4792 0.0000
vt 337.4792 1.2500
vt 338.5625 1.2500
vt 2.2708 0.0000
vt 3.3542 0.0000
vt 3.3542 1.2500
vt 2.2708 1.2500
vt 3.3542 0.0000
vt 2.2708 0.0000
vt 2.2708 1.2500
vt 3.3542 1.2500
vt 339.3542 2.2708
vt 339.3542 3.3542
vt 340.4375 3.3542
vt 340.4375 2.2708
vt 339.3542 2.2708
vt 340.4375 2.2708
vt 340.4375 3.3542
vt 339.3542 3.3542
vt 339.3542 0.0000
vt 340.4375 0.0000
vt 340.4375 1.2500
vt 339.3542 1.2500
vt 340.4375 0.0000
vt 339.3542 0.0000
vt 339.3542 1.2500
vt 340.4375 1.2500
vt 2.2708 0.0000
vt 3.3542 0.0000
vt 3.3542 1.2500
vt 2.2708 1.2500
vt 3.3542 0.0000
vt 2.2708 0.0000
vt 2.2708 1.2500
vt 3.3542 1.2500
vt 341.2292 2.2708
vt 341.2292 3.3542
vt 342.3125 3.3542
vt 342.3125 2.2708
vt 341.2292 2.2708
vt 342.3125 2.2708
vt 342.3125 3.3542
vt 341.2292 3.3542
vt 341.2292 0.0000
vt 342.3125 0.0000
vt 342.3125 1.2500
vt 341.2292 1.2500
vt 342.3125 0.0000
vt 341.2292 0.0000
vt 341.2292 1.2500
vt 342.3125 1.2500
vt 2.2708 0.0000
vt 3.3542 0.0000
vt 3.3542 1.2500
vt 2.2708 1.2500
vt 3.3542 0.0000
vt 2.2708 0.0000
vt 2.2708 1.2500
vt 3.3542 1.2500
vt 343.1042 2.2708
vt 343.1042 3.3542
vt 344.1875 3.3542
vt 344.1875 2.2708
vt 343.1042 2.2708
vt 344.1875 2.2708
vt 344.1875 3.3542
vt 343.1042 3.3542
vt 343.1042 0.0000
vt 344.1875 0.0000
vt 344.1875 1.2500
vt 343.1042 1.2500
vt 344.1875 0.0000
vt 343.1042 0.0000
vt 343.1042 1.2500
vt 344.1875 1.2500
vt 2.2708 0.0000
vt 3.3542 0.0000
vt 3.3542 1.2500
vt 2.2708 1.2500
vt 3.3542 0.0000
vt 2.2708 0.0000
vt 2.2708 1.2500
vt 3.3542 1.2500
vt 344.0417 2.2708
vt 344.0417 3.3542
vt 345.1250 3.3542
vt 345.1250 2.2708
vt 344.0417 2.2708
vt 345.1250 2.2708
vt 345.1250 3.3542
vt 344.0417 3.3542
vt 344.0417 0.0000
vt 345.1250 0.0000
vt 345.1250 1.2500
vt 344.0417 1.2500
vt 345.1250 0.0000
vt 344.0417 0.0000
vt 344.0417 1.2500
vt 345.1250 1.2500
vt 2.2708 0.0000
vt 3.3542 0.0000
vt 3.3542 1.2500
vt 2.2708 1.2500
vt 3.3542 0.0000
vt 2.2708 0.0000
vt 2.2708 1.2500
vt 3.3542 1.2500
vt 344.9792 2.2708
vt 344.9792 3.3542
vt 346.0625 3.3542
vt 346.0625 2.2708
vt 344.9792 2.2708
vt 346.0625 2.2708
vt 346.0625 3.3542
vt 344.9792 3.3542
vt 344.9792 0.0000
vt 346.0625 0.0000
vt 346.0625 1.2500
vt 344.9792 1.2500
vt 346.0625 0.0000
vt 344.9792 0.0000
vt 344.9792 1.2500
vt 346.0625 1.2500
vt 2.2708 0.0000
vt 3.3542 0.0000
vt 3.3542 1.2500
vt 2.2708 1.2500
vt 3.3542 0.0000
vt 2.2708 0.0000
vt 2.2708 1.2500
vt 3.3542 1.2500
vt 345.9167 2.2708
vt 345.9167 3.3542
vt 347.0000 3.3542
vt 347.0000 2.2708
vt 345.9167 2.2708
vt 347.0000 2.2708
vt 347.0000 3.3542
vt 345.9167 3.3542
vt 345.9167 0.0000
vt 347.0000 0.0000
vt 347.0000 1.2500
vt 345.9167 1.2500
vt 347.0000 0.0000
vt 345.9167 0.0000
vt 345.9167 1.2500
vt 347.0000 1.2500
vt 2.2708 0.0000
vt 3.3542 0.0000
vt 3.3542 1.2500
vt 2.2708 1.2500
vt 3.3542 0.0000
vt 2.2708 0.0000
vt 2.2708 1.2500
vt 3.3542 1.2500
vt 346.8542 2.2708
vt 346.8542 3.3542
vt 347.9375 3.3542
vt 347.9375 2.2708
vt 346.8542 2.2708
vt 347.9375 2.2708
vt 347.9375 3.3542
vt 346.8542 3.3542
vt 346.8542 0.0000
vt 347.9375 0.0000
vt 347.9375 1.2500
vt 346.8542 1.2500
vt 347.9375 0.0000
vt 346.8542 0.0000
vt 346.8542 1.2500
vt 347.9375 1.2500
vt 2.2708 0.0000
vt 3.3542 0.0000
vt 3.3542 1.2500
vt 2.2708 1.2500
vt 3.3542 0.0000
vt 2.2708 0.0000
vt 2.2708 1.2500
vt 3.3542 1.2500
vt 341.2292 3.2083
vt 341.2292 4.2917
vt 342.3125 4.2917
vt 342.3125 3.2083
vt 341.2292 3.2083
vt 342.3125 3.2083
vt 342.3125 4.2917
vt 341.2292 4.2917
vt 341.2292 0.0000
vt 342.3125 0.0000
vt 342.3125 1.2500
vt 341.2292 1.2500
vt 342.3125 0.0000
vt 341.2292 0.0000
vt 341.2292 1.2500
vt 342.3125 1.2500
vt 3.2083 0.0000
vt 4.2917 0.0000
vt 4.2917 1.2500
vt 3.2083 1.2500
vt 4.2917 0.0000
vt 3.2083 0.0000
vt 3.2083 1.2500
vt 4.2917 1.2500
usemtl lamp_caged
f 1441 1444 1443 1442
f 1445 1446 1447 1448
f 1441 1442 1446 1445
f 1443 1444 1448 1447
f 1442 1443 1447 1446
f 1444 1441 1445 1448
usemtl steel
f 1449 1452 1451 1450
f 1453 1454 1455 1456
f 1449 1450 1454 1453
f 1451 1452 1456 1455
f 1450 1451 1455 1454
f 1452 1449 1453 1456
usemtl lamp_caged
f 1457 1460 1459 1458
f 1461 1462 1463 1464
f 1457 1458 1462 1461
f 1459 1460 1464 1463
f 1458 1459 1463 1462
f 1460 1457 1461 1464
usemtl steel
f 1465 1468 1467 1466
f 1469 1470 1471 1472
f 1465 1466 1470 1469
f 1467 1468 1472 1471
f 1466 1467 1471 1470
f 1468 1465 1469 1472
usemtl lamp_caged
f 1473 1476 1475 1474
f 1477 1478 1479 1480
f 1473 1474 1478 1477
f 1475 1476 1480 1479
f 1474 1475 1479 1478
f 1476 1473 1477 1480
usemtl steel
f 1481 1484 1483 1482
f 1485 1486 1487 1488
f 1481 1482 1486 1485
f 1483 1484 1488 1487
f 1482 1483 1487 1486
f 1484 1481 1485 1488
usemtl lamp_caged
f 1489 1492 1491 1490
f 1493 1494 1495 1496
f 1489 1490 1494 1493
f 1491 1492 1496 1495
f 1490 1491 1495 1494
f 1492 1489 1493 1496
usemtl steel
f 1497 1500 1499 1498
f 1501 1502 1503 1504
f 1497 1498 1502 1501
f 1499 1500 1504 1503
f 1498 1499 1503 1502
f 1500 1497 1501 1504
usemtl lamp_caged
f 1505 1508 1507 1506
f 1509 1510 1511 1512
f 1505 1506 1510 1509
f 1507 1508 1512 1511
f 1506 1507 1511 1510
f 1508 1505 1509 1512
usemtl steel
f 1513 1516 1515 1514
f 1517 1518 1519 1520
f 1513 1514 1518 1517
f 1515 1516 1520 1519
f 1514 1515 1519 1518
f 1516 1513 1517 1520
usemtl lamp_caged
f 1521 1524 1523 1522
f 1525 1526 1527 1528
f 1521 1522 1526 1525
f 1523 1524 1528 1527
f 1522 1523 1527 1526
f 1524 1521 1525 1528
usemtl steel
f 1529 1532 1531 1530
f 1533 1534 1535 1536
f 1529 1530 1534 1533
f 1531 1532 1536 1535
f 1530 1531 1535 1534
f 1532 1529 1533 1536
usemtl lamp_caged
f 1537 1540 1539 1538
f 1541 1542 1543 1544
f 1537 1538 1542 1541
f 1539 1540 1544 1543
f 1538 1539 1543 1542
f 1540 1537 1541 1544
usemtl steel
f 1545 1548 1547 1546
f 1549 1550 1551 1552
f 1545 1546 1550 1549
f 1547 1548 1552 1551
f 1546 1547 1551 1550
f 1548 1545 1549 1552
usemtl lamp_caged
f 1553 1556 1555 1554
f 1557 1558 1559 1560
f 1553 1554 1558 1557
f 1555 1556 1560 1559
f 1554 1555 1559 1558
f 1556 1553 1557 1560
usemtl steel
f 1561 1564 1563 1562
f 1565 1566 1567 1568
f 1561 1562 1566 1565
f 1563 1564 1568 1567
f 1562 1563 1567 1566
f 1564 1561 1565 1568
usemtl lamp_caged
f 1569 1572 1571 1570
f 1573 1574 1575 1576
f 1569 1570 1574 1573
f 1571 1572 1576 1575
f 1570 1571 1575 1574
f 1572 1569 1573 1576
usemtl steel
f 1577 1580 1579 1578
f 1581 1582 1583 1584
f 1577 1578 1582 1581
f 1579 1580 1584 1583
f 1578 1579 1583 1582
f 1580 1577 1581 1584
usemtl lamp_caged
f 1585 1588 1587 1586
f 1589 1590 1591 1592
f 1585 1586 1590 1589
f 1587 1588 1592 1591
f 1586 1587 1591 1590
f 1588 1585 1589 1592
usemtl steel
f 1593 1596 1595 1594
f 1597 1598 1599 1600
f 1593 1594 1598 1597
f 1595 1596 1600 1599
f 1594 1595 1599 1598
f 1596 1593 1597 1600
usemtl lamp_caged
f 1601 1604 1603 1602
f 1605 1606 1607 1608
f 1601 1602 1606 1605
f 1603 1604 1608 1607
f 1602 1603 1607 1606
f 1604 1601 1605 1608
usemtl steel
f 1609 1612 1611 1610
f 1613 1614 1615 1616
f 1609 1610 1614 1613
f 1611 1612 1616 1615
f 1610 1611 1615 1614
f 1612 1609 1613 1616
usemtl lamp_caged
f 1617 1620 1619 1618
f 1621 1622 1623 1624
f 1617 1618 1622 1621
f 1619 1620 1624 1623
f 1618 1619 1623 1622
f 1620 1617 1621 1624
usemtl steel
f 1625 1628 1627 1626
f 1629 1630 1631 1632
f 1625 1626 1630 1629
f 1627 1628 1632 1631
f 1626 1627 1631 1630
f 1628 1625 1629 1632
usemtl lamp_caged
f 1633 1636 1635 1634
f 1637 1638 1639 1640
f 1633 1634 1638 1637
f 1635 1636 1640 1639
f 1634 1635 1639 1638
f 1636 1633 1637 1640
usemtl steel
f 1641 1644 1643 1642
f 1645 1646 1647 1648
f 1641 1642 1646 1645
f 1643 1644 1648 1647
f 1642 1643 1647 1646
f 1644 1641 1645 1648
usemtl lamp_caged
f 1649 1652 1651 1650
f 1653 1654 1655 1656
f 1649 1650 1654 1653
f 1651 1652 1656 1655
f 1650 1651 1655 1654
f 1652 1649 1653 1656
usemtl steel
f 1657 1660 1659 1658
f 1661 1662 1663 1664
f 1657 1658 1662 1661
f 1659 1660 1664 1663
f 1658 1659 1663 1662
f 1660 1657 1661 1664
usemtl lamp_caged
f 1665 1668 1667 1666
f 1669 1670 1671 1672
f 1665 1666 1670 1669
f 1667 1668 1672 1671
f 1666 1667 1671 1670
f 1668 1665 1669 1672
usemtl steel
f 1673 1676 1675 1674
f 1677 1678 1679 1680
f 1673 1674 1678 1677
f 1675 1676 1680 1679
f 1674 1675 1679 1678
f 1676 1673 1677 1680
usemtl lamp_caged
f 1681 1684 1683 1682
f 1685 1686 1687 1688
f 1681 1682 1686 1685
f 1683 1684 1688 1687
f 1682 1683 1687 1686
f 1684 1681 1685 1688
usemtl steel
f 1689 1692 1691 1690
f 1693 1694 1695 1696
f 1689 1690 1694 1693
f 1691 1692 1696 1695
f 1690 1691 1695 1694
f 1692 1689 1693 1696
usemtl lamp_caged
f 1697 1700 1699 1698
f 1701 1702 1703 1704
f 1697 1698 1702 1701
f 1699 1700 1704 1703
f 1698 1699 1703 1702
f 1700 1697 1701 1704
usemtl steel
f 1705 1708 1707 1706
f 1709 1710 1711 1712
f 1705 1706 1710 1709
f 1707 1708 1712 1711
f 1706 1707 1711 1710
f 1708 1705 1709 1712
usemtl lamp_caged
f 1713 1716 1715 1714
f 1717 1718 1719 1720
f 1713 1714 1718 1717
f 1715 1716 1720 1719
f 1714 1715 1719 1718
f 1716 1713 1717 1720
usemtl steel
f 1721 1724 1723 1722
f 1725 1726 1727 1728
f 1721 1722 1726 1725
f 1723 1724 1728 1727
f 1722 1723 1727 1726
f 1724 1721 1725 1728
usemtl switchgear
f 1729 1732 1731 1730
f 1733 1734 1735 1736
f 1729 1730 1734 1733
f 1731 1732 1736 1735
f 1730 1731 1735 1734
f 1732 1729 1733 1736
usemtl warning
f 1737 1740 1739 1738
f 1741 1742 1743 1744
f 1737 1738 1742 1741
f 1739 1740 1744 1743
f 1738 1739 1743 1742
f 1740 1737 1741 1744
usemtl switchgear
f 1745 1748 1747 1746
f 1749 1750 1751 1752
f 1745 1746 1750 1749
f 1747 1748 1752 1751
f 1746 1747 1751 1750
f 1748 1745 1749 1752
usemtl warning
f 1753 1756 1755 1754
f 1757 1758 1759 1760
f 1753 1754 1758 1757
f 1755 1756 1760 1759
f 1754 1755 1759 1758
f 1756 1753 1757 1760
usemtl switchgear
f 1761 1764 1763 1762
f 1765 1766 1767 1768
f 1761 1762 1766 1765
f 1763 1764 1768 1767
f 1762 1763 1767 1766
f 1764 1761 1765 1768
usemtl warning
f 1769 1772 1771 1770
f 1773 1774 1775 1776
f 1769 1770 1774 1773
f 1771 1772 1776 1775
f 1770 1771 1775 1774
f 1772 1769 1773 1776
usemtl switchgear
f 1777 1780 1779 1778
f 1781 1782 1783 1784
f 1777 1778 1782 1781
f 1779 1780 1784 1783
f 1778 1779 1783 1782
f 1780 1777 1781 1784
usemtl warning
f 1785 1788 1787 1786
f 1789 1790 1791 1792
f 1785 1786 1790 1789
f 1787 1788 1792 1791
f 1786 1787 1791 1790
f 1788 1785 1789 1792
usemtl switchgear
f 1793 1796 1795 1794
f 1797 1798 1799 1800
f 1793 1794 1798 1797
f 1795 1796 1800 1799
f 1794 1795 1799 1798
f 1796 1793 1797 1800
usemtl warning
f 1801 1804 1803 1802
f 1805 1806 1807 1808
f 1801 1802 1806 1805
f 1803 1804 1808 1807
f 1802 1803 1807 1806
f 1804 1801 1805 1808
usemtl switchgear
f 1809 1812 1811 1810
f 1813 1814 1815 1816
f 1809 1810 1814 1813
f 1811 1812 1816 1815
f 1810 1811 1815 1814
f 1812 1809 1813 1816
usemtl warning
f 1817 1820 1819 1818
f 1821 1822 1823 1824
f 1817 1818 1822 1821
f 1819 1820 1824 1823
f 1818 1819 1823 1822
f 1820 1817 1821 1824
usemtl switchgear
f 1825 1828 1827 1826
f 1829 1830 1831 1832
f 1825 1826 1830 1829
f 1827 1828 1832 1831
f 1826 1827 1831 1830
f 1828 1825 1829 1832
usemtl warning
f 1833 1836 1835 1834
f 1837 1838 1839 1840
f 1833 1834 1838 1837
f 1835 1836 1840 1839
f 1834 1835 1839 1838
f 1836 1833 1837 1840
usemtl switchgear
f 1841 1844 1843 1842
f 1845 1846 1847 1848
f 1841 1842 1846 1845
f 1843 1844 1848 1847
f 1842 1843 1847 1846
f 1844 1841 1845 1848
usemtl warning
f 1849 1852 1851 1850
f 1853 1854 1855 1856
f 1849 1850 1854 1853
f 1851 1852 1856 1855
f 1850 1851 1855 1854
f 1852 1849 1853 1856
usemtl switchgear
f 1857 1860 1859 1858
f 1861 1862 1863 1864
f 1857 1858 1862 1861
f 1859 1860 1864 1863
f 1858 1859 1863 1862
f 1860 1857 1861 1864
usemtl warning
f 1865 1868 1867 1866
f 1869 1870 1871 1872
f 1865 1866 1870 1869
f 1867 1868 1872 1871
f 1866 1867 1871 1870
f 1868 1865 1869 1872
usemtl pipe
f 1873 1875 1876 1874
f 1875 1877 1878 1876
f 1877 1879 1880 1878
f 1879 1881 1882 1880
f 1881 1883 1884 1882
f 1883 1885 1886 1884
f 1885 1887 1888 1886
f 1887 1873 1874 1888
f 1889 1874 1876
f 1890 1875 1873
f 1889 1876 1878
f 1890 1877 1875
f 1889 1878 1880
f 1890 1879 1877
f 1889 1880 1882
f 1890 1881 1879
f 1889 1882 1884
f 1890 1883 1881
f 1889 1884 1886
f 1890 1885 1883
f 1889 1886 1888
f 1890 1887 1885
f 1889 1888 1874
f 1890 1873 1887
f 1891 1894 1893 1892
f 1895 1896 1897 1898
f 1891 1892 1896 1895
f 1893 1894 1898 1897
f 1892 1893 1897 1896
f 1894 1891 1895 1898
f 1899 1901 1902 1900
f 1901 1903 1904 1902
f 1903 1905 1906 1904
f 1905 1907 1908 1906
f 1907 1909 1910 1908
f 1909 1911 1912 1910
f 1911 1913 1914 1912
f 1913 1899 1900 1914
f 1915 1900 1902
f 1916 1901 1899
f 1915 1902 1904
f 1916 1903 1901
f 1915 1904 1906
f 1916 1905 1903
f 1915 1906 1908
f 1916 1907 1905
f 1915 1908 1910
f 1916 1909 1907
f 1915 1910 1912
f 1916 1911 1909
f 1915 1912 1914
f 1916 1913 1911
f 1915 1914 1900
f 1916 1899 1913
f 1917 1920 1919 1918
f 1921 1922 1923 1924
f 1917 1918 1922 1921
f 1919 1920 1924 1923
f 1918 1919 1923 1922
f 1920 1917 1921 1924
f 1925 1927 1928 1926
f 1927 1929 1930 1928
f 1929 1931 1932 1930
f 1931 1933 1934 1932
f 1933 1935 1936 1934
f 1935 1937 1938 1936
f 1937 1939 1940 1938
f 1939 1925 1926 1940
f 1941 1926 1928
f 1942 1927 1925
f 1941 1928 1930
f 1942 1929 1927
f 1941 1930 1932
f 1942 1931 1929
f 1941 1932 1934
f 1942 1933 1931
f 1941 1934 1936
f 1942 1935 1933
f 1941 1936 1938
f 1942 1937 1935
f 1941 1938 1940
f 1942 1939 1937
f 1941 1940 1926
f 1942 1925 1939
f 1943 1946 1945 1944
f 1947 1948 1949 1950
f 1943 1944 1948 1947
f 1945 1946 1950 1949
f 1944 1945 1949 1948
f 1946 1943 1947 1950
usemtl brick_dark
f 1/1 2/2 3/3 4/4
f 5/5 6/6 7/7 8/8
f 9/9 10/10 11/11 12/12
f 13/13 14/14 15/15 16/16
f 17/17 18/18 19/19 20/20
f 21/21 22/22 23/23 24/24
usemtl brick
f 25/25 26/26 27/27 28/28
f 29/29 30/30 31/31 32/32
f 33/33 34/34 35/35 36/36
f 37/37 38/38 39/39 40/40
f 41/41 42/42 43/43 44/44
f 45/45 46/46 47/47 48/48
f 49/49 50/50 51/51 52/52
f 53/53 54/54 55/55 56/56
f 57/57 58/58 59/59 60/60
f 61/61 62/62 63/63 64/64
f 65/65 66/66 67/67 68/68
f 69/69 70/70 71/71 72/72
f 73/73 74/74 75/75 76/76
f 77/77 78/78 79/79 80/80
f 81/81 82/82 83/83 84/84
f 85/85 86/86 87/87 88/88
f 89/89 90/90 91/91 92/92
f 93/93 94/94 95/95 96/96
f 97/97 98/98 99/99 100/100
f 101/101 102/102 103/103 104/104
f 105/105 106/106 107/107 108/108
f 109/109 110/110 111/111 112/112
f 113/113 114/114 115/115 116/116
f 117/117 118/118 119/119 120/120
usemtl brick_dark
f 121/121 122/122 123/123 124/124
f 125/125 126/126 127/127 128/128
f 129/129 130/130 131/131 132/132
f 133/133 134/134 135/135 136/136
f 137/137 138/138 139/139 140/140
f 141/141 142/142 143/143 144/144
f 145/145 146/146 147/147 148/148
f 149/149 150/150 151/151 152/152
f 153/153 154/154 155/155 156/156
f 157/157 158/158 159/159 160/160
f 161/161 162/162 163/163 164/164
f 165/165 166/166 167/167 168/168
usemtl brick
f 169/169 170/170 171/171 172/172
f 173/173 174/174 175/175 176/176
f 177/177 178/178 179/179 180/180
f 181/181 182/182 183/183 184/184
f 185/185 186/186 187/187 188/188
f 189/189 190/190 191/191 192/192
f 193/193 194/194 195/195 196/196
f 197/197 198/198 199/199 200/200
f 201/201 202/202 203/203 204/204
f 205/205 206/206 207/207 208/208
f 209/209 210/210 211/211 212/212
f 213/213 214/214 215/215 216/216
f 217/217 218/218 219/219 220/220
f 221/221 222/222 223/223 224/224
f 225/225 226/226 227/227 228/228
f 229/229 230/230 231/231 232/232
f 233/233 234/234 235/235 236/236
f 237/237 238/238 239/239 240/240
f 241/241 242/242 243/243 244/244
f 245/245 246/246 247/247 248/248
f 249/249 250/250 251/251 252/252
f 253/253 254/254 255/255 256/256
f 257/257 258/258 259/259 260/260
f 261/261 262/262 263/263 264/264
usemtl brick_dark
f 265/265 266/266 267/267 268/268
f 269/269 270/270 271/271 272/272
f 273/273 274/274 275/275 276/276
f 277/277 278/278 279/279 280/280
f 281/281 282/282 283/283 284/284
f 285/285 286/286 287/287 288/288
usemtl brick
f 289/289 290/290 291/291 292/292
f 293/293 294/294 295/295 296/296
f 297/297 298/298 299/299 300/300
f 301/301 302/302 303/303 304/304
f 305/305 306/306 307/307 308/308
f 309/309 310/310 311/311 312/312
usemtl brick_dark
f 313/313 314/314 315/315 316/316
f 317/317 318/318 319/319 320/320
f 321/321 322/322 323/323 324/324
f 325/325 326/326 327/327 328/328
f 329/329 330/330 331/331 332/332
f 333/333 334/334 335/335 336/336
usemtl brick
f 337/337 338/338 339/339 340/340
f 341/341 342/342 343/343 344/344
f 345/345 346/346 347/347 348/348
f 349/349 350/350 351/351 352/352
f 353/353 354/354 355/355 356/356
f 357/357 358/358 359/359 360/360
usemtl brick_dark
f 361/361 362/362 363/363 364/364
f 365/365 366/366 367/367 368/368
f 369/369 370/370 371/371 372/372
f 373/373 374/374 375/375 376/376
f 377/377 378/378 379/379 380/380
f 381/381 382/382 383/383 384/384
f 385/385 386/386 387/387 388/388
f 389/389 390/390 391/391 392/392
f 393/393 394/394 395/395 396/396
f 397/397 398/398 399/399 400/400
f 401/401 402/402 403/403 404/404
f 405/405 406/406 407/407 408/408
usemtl brick
f 409/409 410/410 411/411 412/412
f 413/413 414/414 415/415 416/416
f 417/417 418/418 419/419 420/420
f 421/421 422/422 423/423 424/424
f 425/425 426/426 427/427 428/428
f 429/429 430/430 431/431 432/432
usemtl brick_dark
f 433/433 434/434 435/435 436/436
f 437/437 438/438 439/439 440/440
f 441/441 442/442 443/443 444/444
f 445/445 446/446 447/447 448/448
f 449/449 450/450 451/451 452/452
f 453/453 454/454 455/455 456/456
usemtl brick
f 457/457 458/458 459/459 460/460
f 461/461 462/462 463/463 464/464
f 465/465 466/466 467/467 468/468
f 469/469 470/470 471/471 472/472
f 473/473 474/474 475/475 476/476
f 477/477 478/478 479/479 480/480
usemtl brick_dark
f 481/481 482/482 483/483 484/484
f 485/485 486/486 487/487 488/488
f 489/489 490/490 491/491 492/492
f 493/493 494/494 495/495 496/496
f 497/497 498/498 499/499 500/500
f 501/501 502/502 503/503 504/504
usemtl brick
f 505/505 506/506 507/507 508/508
f 509/509 510/510 511/511 512/512
f 513/513 514/514 515/515 516/516
f 517/517 518/518 519/519 520/520
f 521/521 522/522 523/523 524/524
f 525/525 526/526 527/527 528/528
f 529/529 530/530 531/531 532/532
f 533/533 534/534 535/535 536/536
f 537/537 538/538 539/539 540/540
f 541/541 542/542 543/543 544/544
f 545/545 546/546 547/547 548/548
f 549/549 550/550 551/551 552/552
f 553/553 554/554 555/555 556/556
f 557/557 558/558 559/559 560/560
f 561/561 562/562 563/563 564/564
f 565/565 566/566 567/567 568/568
f 569/569 570/570 571/571 572/572
f 573/573 574/574 575/575 576/576
f 577/577 578/578 579/579 580/580
f 581/581 582/582 583/583 584/584
f 585/585 586/586 587/587 588/588
f 589/589 590/590 591/591 592/592
f 593/593 594/594 595/595 596/596
f 597/597 598/598 599/599 600/600
usemtl brick_dark
f 601/601 602/602 603/603 604/604
f 605/605 606/606 607/607 608/608
f 609/609 610/610 611/611 612/612
f 613/613 614/614 615/615 616/616
f 617/617 618/618 619/619 620/620
f 621/621 622/622 623/623 624/624
usemtl brick
f 625/625 626/626 627/627 628/628
f 629/629 630/630 631/631 632/632
f 633/633 634/634 635/635 636/636
f 637/637 638/638 639/639 640/640
f 641/641 642/642 643/643 644/644
f 645/645 646/646 647/647 648/648
f 649/649 650/650 651/651 652/652
f 653/653 654/654 655/655 656/656
f 657/657 658/658 659/659 660/660
f 661/661 662/662 663/663 664/664
f 665/665 666/666 667/667 668/668
f 669/669 670/670 671/671 672/672
f 673/673 674/674 675/675 676/676
f 677/677 678/678 679/679 680/680
f 681/681 682/682 683/683 684/684
f 685/685 686/686 687/687 688/688
f 689/689 690/690 691/691 692/692
f 693/693 694/694 695/695 696/696
f 697/697 698/698 699/699 700/700
f 701/701 702/702 703/703 704/704
f 705/705 706/706 707/707 708/708
f 709/709 710/710 711/711 712/712
f 713/713 714/714 715/715 716/716
f 717/717 718/718 719/719 720/720
f 721/721 722/722 723/723 724/724
f 725/725 726/726 727/727 728/728
f 729/729 730/730 731/731 732/732
f 733/733 734/734 735/735 736/736
f 737/737 738/738 739/739 740/740
f 741/741 742/742 743/743 744/744
f 745/745 746/746 747/747 748/748
f 749/749 750/750 751/751 752/752
f 753/753 754/754 755/755 756/756
f 757/757 758/758 759/759 760/760
f 761/761 762/762 763/763 764/764
f 765/765 766/766 767/767 768/768
f 769/769 770/770 771/771 772/772
f 773/773 774/774 775/775 776/776
f 777/777 778/778 779/779 780/780
f 781/781 782/782 783/783 784/784
f 785/785 786/786 787/787 788/788
f 789/789 790/790 791/791 792/792
f 793/793 794/794 795/795 796/796
f 797/797 798/798 799/799 800/800
f 801/801 802/802 803/803 804/804
f 805/805 806/806 807/807 808/808
f 809/809 810/810 811/811 812/812
f 813/813 814/814 815/815 816/816
f 817/817 818/818 819/819 820/820
f 821/821 822/822 823/823 824/824
f 825/825 826/826 827/827 828/828
f 829/829 830/830 831/831 832/832
f 833/833 834/834 835/835 836/836
f 837/837 838/838 839/839 840/840
usemtl brick_dark
f 841/841 842/842 843/843 844/844
f 845/845 846/846 847/847 848/848
f 849/849 850/850 851/851 852/852
f 853/853 854/854 855/855 856/856
f 857/857 858/858 859/859 860/860
f 861/861 862/862 863/863 864/864
usemtl brick
f 865/865 866/866 867/867 868/868
f 869/869 870/870 871/871 872/872
f 873/873 874/874 875/875 876/876
f 877/877 878/878 879/879 880/880
f 881/881 882/882 883/883 884/884
f 885/885 886/886 887/887 888/888
f 889/889 890/890 891/891 892/892
f 893/893 894/894 895/895 896/896
f 897/897 898/898 899/899 900/900
f 901/901 902/902 903/903 904/904
f 905/905 906/906 907/907 908/908
f 909/909 910/910 911/911 912/912
usemtl brick_dark
f 913/913 914/914 915/915 916/916
f 917/917 918/918 919/919 920/920
f 921/921 922/922 923/923 924/924
f 925/925 926/926 927/927 928/928
f 929/929 930/930 931/931 932/932
f 933/933 934/934 935/935 936/936
f 937/937 938/938 939/939 940/940
f 941/941 942/942 943/943 944/944
f 945/945 946/946 947/947 948/948
f 949/949 950/950 951/951 952/952
f 953/953 954/954 955/955 956/956
f 957/957 958/958 959/959 960/960
usemtl brick
f 961/961 962/962 963/963 964/964
f 965/965 966/966 967/967 968/968
f 969/969 970/970 971/971 972/972
f 973/973 974/974 975/975 976/976
f 977/977 978/978 979/979 980/980
f 981/981 982/982 983/983 984/984
f 985/985 986/986 987/987 988/988
f 989/989 990/990 991/991 992/992
f 993/993 994/994 995/995 996/996
f 997/997 998/998 999/999 1000/1000
f 1001/1001 1002/1002 1003/1003 1004/1004
f 1005/1005 1006/1006 1007/1007 1008/1008
f 1009/1009 1010/1010 1011/1011 1012/1012
f 1013/1013 1014/1014 1015/1015 1016/1016
f 1017/1017 1018/1018 1019/1019 1020/1020
f 1021/1021 1022/1022 1023/1023 1024/1024
f 1025/1025 1026/1026 1027/1027 1028/1028
f 1029/1029 1030/1030 1031/1031 1032/1032
f 1033/1033 1034/1034 1035/1035 1036/1036
f 1037/1037 1038/1038 1039/1039 1040/1040
f 1041/1041 1042/1042 1043/1043 1044/1044
f 1045/1045 1046/1046 1047/1047 1048/1048
f 1049/1049 1050/1050 1051/1051 1052/1052
f 1053/1053 1054/1054 1055/1055 1056/1056
f 1057/1057 1058/1058 1059/1059 1060/1060
f 1061/1061 1062/1062 1063/1063 1064/1064
f 1065/1065 1066/1066 1067/1067 1068/1068
f 1069/1069 1070/1070 1071/1071 1072/1072
f 1073/1073 1074/1074 1075/1075 1076/1076
f 1077/1077 1078/1078 1079/1079 1080/1080
f 1081/1081 1082/1082 1083/1083 1084/1084
f 1085/1085 1086/1086 1087/1087 1088/1088
f 1089/1089 1090/1090 1091/1091 1092/1092
f 1093/1093 1094/1094 1095/1095 1096/1096
f 1097/1097 1098/1098 1099/1099 1100/1100
f 1101/1101 1102/1102 1103/1103 1104/1104
f 1105/1105 1106/1106 1107/1107 1108/1108
f 1109/1109 1110/1110 1111/1111 1112/1112
f 1113/1113 1114/1114 1115/1115 1116/1116
f 1117/1117 1118/1118 1119/1119 1120/1120
f 1121/1121 1122/1122 1123/1123 1124/1124
f 1125/1125 1126/1126 1127/1127 1128/1128
usemtl brick_dark
f 1129/1129 1130/1130 1131/1131 1132/1132
f 1133/1133 1134/1134 1135/1135 1136/1136
f 1137/1137 1138/1138 1139/1139 1140/1140
f 1141/1141 1142/1142 1143/1143 1144/1144
f 1145/1145 1146/1146 1147/1147 1148/1148
f 1149/1149 1150/1150 1151/1151 1152/1152
usemtl brick
f 1153/1153 1154/1154 1155/1155 1156/1156
f 1157/1157 1158/1158 1159/1159 1160/1160
f 1161/1161 1162/1162 1163/1163 1164/1164
f 1165/1165 1166/1166 1167/1167 1168/1168
f 1169/1169 1170/1170 1171/1171 1172/1172
f 1173/1173 1174/1174 1175/1175 1176/1176
f 1177/1177 1178/1178 1179/1179 1180/1180
f 1181/1181 1182/1182 1183/1183 1184/1184
f 1185/1185 1186/1186 1187/1187 1188/1188
f 1189/1189 1190/1190 1191/1191 1192/1192
f 1193/1193 1194/1194 1195/1195 1196/1196
f 1197/1197 1198/1198 1199/1199 1200/1200
f 1201/1201 1202/1202 1203/1203 1204/1204
f 1205/1205 1206/1206 1207/1207 1208/1208
f 1209/1209 1210/1210 1211/1211 1212/1212
f 1213/1213 1214/1214 1215/1215 1216/1216
f 1217/1217 1218/1218 1219/1219 1220/1220
f 1221/1221 1222/1222 1223/1223 1224/1224
f 1225/1225 1226/1226 1227/1227 1228/1228
f 1229/1229 1230/1230 1231/1231 1232/1232
f 1233/1233 1234/1234 1235/1235 1236/1236
f 1237/1237 1238/1238 1239/1239 1240/1240
f 1241/1241 1242/1242 1243/1243 1244/1244
f 1245/1245 1246/1246 1247/1247 1248/1248
usemtl brick_dark
f 1249/1249 1250/1250 1251/1251 1252/1252
f 1253/1253 1254/1254 1255/1255 1256/1256
f 1257/1257 1258/1258 1259/1259 1260/1260
f 1261/1261 1262/1262 1263/1263 1264/1264
f 1265/1265 1266/1266 1267/1267 1268/1268
f 1269/1269 1270/1270 1271/1271 1272/1272
usemtl brick
f 1273/1273 1274/1274 1275/1275 1276/1276
f 1277/1277 1278/1278 1279/1279 1280/1280
f 1281/1281 1282/1282 1283/1283 1284/1284
f 1285/1285 1286/1286 1287/1287 1288/1288
f 1289/1289 1290/1290 1291/1291 1292/1292
f 1293/1293 1294/1294 1295/1295 1296/1296
f 1297/1297 1298/1298 1299/1299 1300/1300
f 1301/1301 1302/1302 1303/1303 1304/1304
f 1305/1305 1306/1306 1307/1307 1308/1308
f 1309/1309 1310/1310 1311/1311 1312/1312
f 1313/1313 1314/1314 1315/1315 1316/1316
f 1317/1317 1318/1318 1319/1319 1320/1320
usemtl brick_dark
f 1321/1321 1322/1322 1323/1323 1324/1324
f 1325/1325 1326/1326 1327/1327 1328/1328
f 1329/1329 1330/1330 1331/1331 1332/1332
f 1333/1333 1334/1334 1335/1335 1336/1336
f 1337/1337 1338/1338 1339/1339 1340/1340
f 1341/1341 1342/1342 1343/1343 1344/1344
f 1345/1345 1346/1346 1347/1347 1348/1348
f 1349/1349 1350/1350 1351/1351 1352/1352
f 1353/1353 1354/1354 1355/1355 1356/1356
f 1357/1357 1358/1358 1359/1359 1360/1360
f 1361/1361 1362/1362 1363/1363 1364/1364
f 1365/1365 1366/1366 1367/1367 1368/1368
usemtl brick
f 1369/1369 1370/1370 1371/1371 1372/1372
f 1373/1373 1374/1374 1375/1375 1376/1376
f 1377/1377 1378/1378 1379/1379 1380/1380
f 1381/1381 1382/1382 1383/1383 1384/1384
f 1385/1385 1386/1386 1387/1387 1388/1388
f 1389/1389 1390/1390 1391/1391 1392/1392
f 1393/1393 1394/1394 1395/1395 1396/1396
f 1397/1397 1398/1398 1399/1399 1400/1400
f 1401/1401 1402/1402 1403/1403 1404/1404
f 1405/1405 1406/1406 1407/1407 1408/1408
f 1409/1409 1410/1410 1411/1411 1412/1412
f 1413/1413 1414/1414 1415/1415 1416/1416
f 1417/1417 1418/1418 1419/1419 1420/1420
f 1421/1421 1422/1422 1423/1423 1424/1424
f 1425/1425 1426/1426 1427/1427 1428/1428
f 1429/1429 1430/1430 1431/1431 1432/1432
f 1433/1433 1434/1434 1435/1435 1436/1436
f 1437/1437 1438/1438 1439/1439 1440/1440
