# RoastEngine Backrooms level
mtllib backrooms.mtl
v 1590.2000 0.0000 -9.8000
v 1593.3000 0.0000 -9.8000
v 1593.3000 0.0000 -6.7000
v 1590.2000 0.0000 -6.7000
v 1590.2000 3.4000 -9.8000
v 1593.3000 3.4000 -9.8000
v 1593.3000 3.4000 -6.7000
v 1590.2000 3.4000 -6.7000
v 1592.9500 0.0000 -9.8000
v 1592.9500 0.0000 -6.7000
v 1596.0500 0.0000 -6.7000
v 1596.0500 0.0000 -9.8000
v 1592.9500 3.4000 -9.8000
v 1596.0500 3.4000 -9.8000
v 1596.0500 3.4000 -6.7000
v 1592.9500 3.4000 -6.7000
v 1592.9500 0.0000 -9.8000
v 1596.0500 0.0000 -9.8000
v 1596.0500 3.4000 -9.8000
v 1592.9500 3.4000 -9.8000
v 1596.0500 0.0000 -6.7000
v 1592.9500 0.0000 -6.7000
v 1592.9500 3.4000 -6.7000
v 1596.0500 3.4000 -6.7000
v 1596.0500 0.0000 -9.8000
v 1596.0500 0.0000 -6.7000
v 1596.0500 3.4000 -6.7000
v 1596.0500 3.4000 -9.8000
v 1592.9500 0.0000 -6.7000
v 1592.9500 0.0000 -9.8000
v 1592.9500 3.4000 -9.8000
v 1592.9500 3.4000 -6.7000
v 1595.7000 0.0000 -9.8000
v 1595.7000 0.0000 -6.7000
v 1598.8000 0.0000 -6.7000
v 1598.8000 0.0000 -9.8000
v 1595.7000 3.4000 -9.8000
v 1598.8000 3.4000 -9.8000
v 1598.8000 3.4000 -6.7000
v 1595.7000 3.4000 -6.7000
v 1595.7000 0.0000 -9.8000
v 1598.8000 0.0000 -9.8000
v 1598.8000 3.4000 -9.8000
v 1595.7000 3.4000 -9.8000
v 1598.8000 0.0000 -6.7000
v 1595.7000 0.0000 -6.7000
v 1595.7000 3.4000 -6.7000
v 1598.8000 3.4000 -6.7000
v 1598.8000 0.0000 -9.8000
v 1598.8000 0.0000 -6.7000
v 1598.8000 3.4000 -6.7000
v 1598.8000 3.4000 -9.8000
v 1595.7000 0.0000 -6.7000
v 1595.7000 0.0000 -9.8000
v 1595.7000 3.4000 -9.8000
v 1595.7000 3.4000 -6.7000
v 1601.2000 0.0000 -9.8000
v 1601.2000 0.0000 -6.7000
v 1604.3000 0.0000 -6.7000
v 1604.3000 0.0000 -9.8000
v 1601.2000 3.4000 -9.8000
v 1604.3000 3.4000 -9.8000
v 1604.3000 3.4000 -6.7000
v 1601.2000 3.4000 -6.7000
v 1601.2000 0.0000 -9.8000
v 1604.3000 0.0000 -9.8000
v 1604.3000 3.4000 -9.8000
v 1601.2000 3.4000 -9.8000
v 1604.3000 0.0000 -6.7000
v 1601.2000 0.0000 -6.7000
v 1601.2000 3.4000 -6.7000
v 1604.3000 3.4000 -6.7000
v 1604.3000 0.0000 -9.8000
v 1604.3000 0.0000 -6.7000
v 1604.3000 3.4000 -6.7000
v 1604.3000 3.4000 -9.8000
v 1601.2000 0.0000 -6.7000
v 1601.2000 0.0000 -9.8000
v 1601.2000 3.4000 -9.8000
v 1601.2000 3.4000 -6.7000
v 1606.7000 0.0000 -9.8000
v 1606.7000 0.0000 -6.7000
v 1609.8000 0.0000 -6.7000
v 1609.8000 0.0000 -9.8000
v 1606.7000 3.4000 -9.8000
v 1609.8000 3.4000 -9.8000
v 1609.8000 3.4000 -6.7000
v 1606.7000 3.4000 -6.7000
v 1606.7000 0.0000 -9.8000
v 1609.8000 0.0000 -9.8000
v 1609.8000 3.4000 -9.8000
v 1606.7000 3.4000 -9.8000
v 1609.8000 0.0000 -6.7000
v 1606.7000 0.0000 -6.7000
v 1606.7000 3.4000 -6.7000
v 1609.8000 3.4000 -6.7000
v 1609.8000 0.0000 -9.8000
v 1609.8000 0.0000 -6.7000
v 1609.8000 3.4000 -6.7000
v 1609.8000 3.4000 -9.8000
v 1606.7000 0.0000 -6.7000
v 1606.7000 0.0000 -9.8000
v 1606.7000 3.4000 -9.8000
v 1606.7000 3.4000 -6.7000
v 1609.4500 0.0000 -9.8000
v 1609.4500 0.0000 -6.7000
v 1612.5500 0.0000 -6.7000
v 1612.5500 0.0000 -9.8000
v 1609.4500 3.4000 -9.8000
v 1612.5500 3.4000 -9.8000
v 1612.5500 3.4000 -6.7000
v 1609.4500 3.4000 -6.7000
v 1609.4500 0.0000 -9.8000
v 1612.5500 0.0000 -9.8000
v 1612.5500 3.4000 -9.8000
v 1609.4500 3.4000 -9.8000
v 1612.5500 0.0000 -6.7000
v 1609.4500 0.0000 -6.7000
v 1609.4500 3.4000 -6.7000
v 1612.5500 3.4000 -6.7000
v 1612.5500 0.0000 -9.8000
v 1612.5500 0.0000 -6.7000
v 1612.5500 3.4000 -6.7000
v 1612.5500 3.4000 -9.8000
v 1609.4500 0.0000 -6.7000
v 1609.4500 0.0000 -9.8000
v 1609.4500 3.4000 -9.8000
v 1609.4500 3.4000 -6.7000
v 1612.2000 0.0000 -9.8000
v 1612.2000 0.0000 -6.7000
v 1615.3000 0.0000 -6.7000
v 1615.3000 0.0000 -9.8000
v 1612.2000 3.4000 -9.8000
v 1615.3000 3.4000 -9.8000
v 1615.3000 3.4000 -6.7000
v 1612.2000 3.4000 -6.7000
v 1612.2000 0.0000 -9.8000
v 1615.3000 0.0000 -9.8000
v 1615.3000 3.4000 -9.8000
v 1612.2000 3.4000 -9.8000
v 1615.3000 0.0000 -6.7000
v 1612.2000 0.0000 -6.7000
v 1612.2000 3.4000 -6.7000
v 1615.3000 3.4000 -6.7000
v 1615.3000 0.0000 -9.8000
v 1615.3000 0.0000 -6.7000
v 1615.3000 3.4000 -6.7000
v 1615.3000 3.4000 -9.8000
v 1612.2000 0.0000 -6.7000
v 1612.2000 0.0000 -9.8000
v 1612.2000 3.4000 -9.8000
v 1612.2000 3.4000 -6.7000
v 1617.7000 0.0000 -9.8000
v 1617.7000 0.0000 -6.7000
v 1620.8000 0.0000 -6.7000
v 1620.8000 0.0000 -9.8000
v 1617.7000 3.4000 -9.8000
v 1620.8000 3.4000 -9.8000
v 1620.8000 3.4000 -6.7000
v 1617.7000 3.4000 -6.7000
v 1617.7000 0.0000 -9.8000
v 1620.8000 0.0000 -9.8000
v 1620.8000 3.4000 -9.8000
v 1617.7000 3.4000 -9.8000
v 1620.8000 0.0000 -6.7000
v 1617.7000 0.0000 -6.7000
v 1617.7000 3.4000 -6.7000
v 1620.8000 3.4000 -6.7000
v 1620.8000 0.0000 -9.8000
v 1620.8000 0.0000 -6.7000
v 1620.8000 3.4000 -6.7000
v 1620.8000 3.4000 -9.8000
v 1617.7000 0.0000 -6.7000
v 1617.7000 0.0000 -9.8000
v 1617.7000 3.4000 -9.8000
v 1617.7000 3.4000 -6.7000
v 1612.2000 0.0000 -7.0500
v 1612.2000 0.0000 -3.9500
v 1615.3000 0.0000 -3.9500
v 1615.3000 0.0000 -7.0500
v 1612.2000 3.4000 -7.0500
v 1615.3000 3.4000 -7.0500
v 1615.3000 3.4000 -3.9500
v 1612.2000 3.4000 -3.9500
v 1612.2000 0.0000 -7.0500
v 1615.3000 0.0000 -7.0500
v 1615.3000 3.4000 -7.0500
v 1612.2000 3.4000 -7.0500
v 1615.3000 0.0000 -3.9500
v 1612.2000 0.0000 -3.9500
v 1612.2000 3.4000 -3.9500
v 1615.3000 3.4000 -3.9500
v 1615.3000 0.0000 -7.0500
v 1615.3000 0.0000 -3.9500
v 1615.3000 3.4000 -3.9500
v 1615.3000 3.4000 -7.0500
v 1612.2000 0.0000 -3.9500
v 1612.2000 0.0000 -7.0500
v 1612.2000 3.4000 -7.0500
v 1612.2000 3.4000 -3.9500
v 1617.7000 0.0000 -7.0500
v 1617.7000 0.0000 -3.9500
v 1620.8000 0.0000 -3.9500
v 1620.8000 0.0000 -7.0500
v 1617.7000 3.4000 -7.0500
v 1620.8000 3.4000 -7.0500
v 1620.8000 3.4000 -3.9500
v 1617.7000 3.4000 -3.9500
v 1617.7000 0.0000 -7.0500
v 1620.8000 0.0000 -7.0500
v 1620.8000 3.4000 -7.0500
v 1617.7000 3.4000 -7.0500
v 1620.8000 0.0000 -3.9500
v 1617.7000 0.0000 -3.9500
v 1617.7000 3.4000 -3.9500
v 1620.8000 3.4000 -3.9500
v 1620.8000 0.0000 -7.0500
v 1620.8000 0.0000 -3.9500
v 1620.8000 3.4000 -3.9500
v 1620.8000 3.4000 -7.0500
v 1617.7000 0.0000 -3.9500
v 1617.7000 0.0000 -7.0500
v 1617.7000 3.4000 -7.0500
v 1617.7000 3.4000 -3.9500
v 1590.2000 0.0000 -4.3000
v 1590.2000 0.0000 -1.2000
v 1593.3000 0.0000 -1.2000
v 1593.3000 0.0000 -4.3000
v 1590.2000 3.4000 -4.3000
v 1593.3000 3.4000 -4.3000
v 1593.3000 3.4000 -1.2000
v 1590.2000 3.4000 -1.2000
v 1590.2000 0.0000 -4.3000
v 1593.3000 0.0000 -4.3000
v 1593.3000 3.4000 -4.3000
v 1590.2000 3.4000 -4.3000
v 1593.3000 0.0000 -1.2000
v 1590.2000 0.0000 -1.2000
v 1590.2000 3.4000 -1.2000
v 1593.3000 3.4000 -1.2000
v 1593.3000 0.0000 -4.3000
v 1593.3000 0.0000 -1.2000
v 1593.3000 3.4000 -1.2000
v 1593.3000 3.4000 -4.3000
v 1590.2000 0.0000 -1.2000
v 1590.2000 0.0000 -4.3000
v 1590.2000 3.4000 -4.3000
v 1590.2000 3.4000 -1.2000
v 1595.7000 0.0000 -4.3000
v 1595.7000 0.0000 -1.2000
v 1598.8000 0.0000 -1.2000
v 1598.8000 0.0000 -4.3000
v 1595.7000 3.4000 -4.3000
v 1598.8000 3.4000 -4.3000
v 1598.8000 3.4000 -1.2000
v 1595.7000 3.4000 -1.2000
v 1595.7000 0.0000 -4.3000
v 1598.8000 0.0000 -4.3000
v 1598.8000 3.4000 -4.3000
v 1595.7000 3.4000 -4.3000
v 1598.8000 0.0000 -1.2000
v 1595.7000 0.0000 -1.2000
v 1595.7000 3.4000 -1.2000
v 1598.8000 3.4000 -1.2000
v 1598.8000 0.0000 -4.3000
v 1598.8000 0.0000 -1.2000
v 1598.8000 3.4000 -1.2000
v 1598.8000 3.4000 -4.3000
v 1595.7000 0.0000 -1.2000
v 1595.7000 0.0000 -4.3000
v 1595.7000 3.4000 -4.3000
v 1595.7000 3.4000 -1.2000
v 1601.2000 0.0000 -4.3000
v 1604.3000 0.0000 -4.3000
v 1604.3000 0.0000 -1.2000
v 1601.2000 0.0000 -1.2000
v 1601.2000 3.4000 -4.3000
v 1604.3000 3.4000 -4.3000
v 1604.3000 3.4000 -1.2000
v 1601.2000 3.4000 -1.2000
v 1603.9500 0.0000 -4.3000
v 1603.9500 0.0000 -1.2000
v 1607.0500 0.0000 -1.2000
v 1607.0500 0.0000 -4.3000
v 1603.9500 3.4000 -4.3000
v 1607.0500 3.4000 -4.3000
v 1607.0500 3.4000 -1.2000
v 1603.9500 3.4000 -1.2000
v 1603.9500 0.0000 -4.3000
v 1607.0500 0.0000 -4.3000
v 1607.0500 3.4000 -4.3000
v 1603.9500 3.4000 -4.3000
v 1607.0500 0.0000 -1.2000
v 1603.9500 0.0000 -1.2000
v 1603.9500 3.4000 -1.2000
v 1607.0500 3.4000 -1.2000
v 1607.0500 0.0000 -4.3000
v 1607.0500 0.0000 -1.2000
v 1607.0500 3.4000 -1.2000
v 1607.0500 3.4000 -4.3000
v 1603.9500 0.0000 -1.2000
v 1603.9500 0.0000 -4.3000
v 1603.9500 3.4000 -4.3000
v 1603.9500 3.4000 -1.2000
v 1606.7000 0.0000 -4.3000
v 1606.7000 0.0000 -1.2000
v 1609.8000 0.0000 -1.2000
v 1609.8000 0.0000 -4.3000
v 1606.7000 3.4000 -4.3000
v 1609.8000 3.4000 -4.3000
v 1609.8000 3.4000 -1.2000
v 1606.7000 3.4000 -1.2000
v 1606.7000 0.0000 -4.3000
v 1609.8000 0.0000 -4.3000
v 1609.8000 3.4000 -4.3000
v 1606.7000 3.4000 -4.3000
v 1609.8000 0.0000 -1.2000
v 1606.7000 0.0000 -1.2000
v 1606.7000 3.4000 -1.2000
v 1609.8000 3.4000 -1.2000
v 1609.8000 0.0000 -4.3000
v 1609.8000 0.0000 -1.2000
v 1609.8000 3.4000 -1.2000
v 1609.8000 3.4000 -4.3000
v 1606.7000 0.0000 -1.2000
v 1606.7000 0.0000 -4.3000
v 1606.7000 3.4000 -4.3000
v 1606.7000 3.4000 -1.2000
v 1612.2000 0.0000 -4.3000
v 1615.3000 0.0000 -4.3000
v 1615.3000 0.0000 -1.2000
v 1612.2000 0.0000 -1.2000
v 1612.2000 3.4000 -4.3000
v 1615.3000 3.4000 -4.3000
v 1615.3000 3.4000 -1.2000
v 1612.2000 3.4000 -1.2000
v 1617.7000 0.0000 -4.3000
v 1620.8000 0.0000 -4.3000
v 1620.8000 0.0000 -1.2000
v 1617.7000 0.0000 -1.2000
v 1617.7000 3.4000 -4.3000
v 1620.8000 3.4000 -4.3000
v 1620.8000 3.4000 -1.2000
v 1617.7000 3.4000 -1.2000
v 1620.4500 0.0000 -4.3000
v 1620.4500 0.0000 -1.2000
v 1623.5500 0.0000 -1.2000
v 1623.5500 0.0000 -4.3000
v 1620.4500 3.4000 -4.3000
v 1623.5500 3.4000 -4.3000
v 1623.5500 3.4000 -1.2000
v 1620.4500 3.4000 -1.2000
v 1620.4500 0.0000 -4.3000
v 1623.5500 0.0000 -4.3000
v 1623.5500 3.4000 -4.3000
v 1620.4500 3.4000 -4.3000
v 1623.5500 0.0000 -1.2000
v 1620.4500 0.0000 -1.2000
v 1620.4500 3.4000 -1.2000
v 1623.5500 3.4000 -1.2000
v 1623.5500 0.0000 -4.3000
v 1623.5500 0.0000 -1.2000
v 1623.5500 3.4000 -1.2000
v 1623.5500 3.4000 -4.3000
v 1620.4500 0.0000 -1.2000
v 1620.4500 0.0000 -4.3000
v 1620.4500 3.4000 -4.3000
v 1620.4500 3.4000 -1.2000
v 1595.7000 0.0000 -1.5500
v 1595.7000 0.0000 1.5500
v 1598.8000 0.0000 1.5500
v 1598.8000 0.0000 -1.5500
v 1595.7000 3.4000 -1.5500
v 1598.8000 3.4000 -1.5500
v 1598.8000 3.4000 1.5500
v 1595.7000 3.4000 1.5500
v 1595.7000 0.0000 -1.5500
v 1598.8000 0.0000 -1.5500
v 1598.8000 3.4000 -1.5500
v 1595.7000 3.4000 -1.5500
v 1598.8000 0.0000 1.5500
v 1595.7000 0.0000 1.5500
v 1595.7000 3.4000 1.5500
v 1598.8000 3.4000 1.5500
v 1598.8000 0.0000 -1.5500
v 1598.8000 0.0000 1.5500
v 1598.8000 3.4000 1.5500
v 1598.8000 3.4000 -1.5500
v 1595.7000 0.0000 1.5500
v 1595.7000 0.0000 -1.5500
v 1595.7000 3.4000 -1.5500
v 1595.7000 3.4000 1.5500
v 1601.2000 0.0000 -1.5500
v 1601.2000 0.0000 1.5500
v 1604.3000 0.0000 1.5500
v 1604.3000 0.0000 -1.5500
v 1601.2000 3.4000 -1.5500
v 1604.3000 3.4000 -1.5500
v 1604.3000 3.4000 1.5500
v 1601.2000 3.4000 1.5500
v 1601.2000 0.0000 -1.5500
v 1604.3000 0.0000 -1.5500
v 1604.3000 3.4000 -1.5500
v 1601.2000 3.4000 -1.5500
v 1604.3000 0.0000 1.5500
v 1601.2000 0.0000 1.5500
v 1601.2000 3.4000 1.5500
v 1604.3000 3.4000 1.5500
v 1604.3000 0.0000 -1.5500
v 1604.3000 0.0000 1.5500
v 1604.3000 3.4000 1.5500
v 1604.3000 3.4000 -1.5500
v 1601.2000 0.0000 1.5500
v 1601.2000 0.0000 -1.5500
v 1601.2000 3.4000 -1.5500
v 1601.2000 3.4000 1.5500
v 1606.7000 0.0000 -1.5500
v 1609.8000 0.0000 -1.5500
v 1609.8000 0.0000 1.5500
v 1606.7000 0.0000 1.5500
v 1606.7000 3.4000 -1.5500
v 1609.8000 3.4000 -1.5500
v 1609.8000 3.4000 1.5500
v 1606.7000 3.4000 1.5500
v 1590.2000 0.0000 1.2000
v 1590.2000 0.0000 4.3000
v 1593.3000 0.0000 4.3000
v 1593.3000 0.0000 1.2000
v 1590.2000 3.4000 1.2000
v 1593.3000 3.4000 1.2000
v 1593.3000 3.4000 4.3000
v 1590.2000 3.4000 4.3000
v 1590.2000 0.0000 1.2000
v 1593.3000 0.0000 1.2000
v 1593.3000 3.4000 1.2000
v 1590.2000 3.4000 1.2000
v 1593.3000 0.0000 4.3000
v 1590.2000 0.0000 4.3000
v 1590.2000 3.4000 4.3000
v 1593.3000 3.4000 4.3000
v 1593.3000 0.0000 1.2000
v 1593.3000 0.0000 4.3000
v 1593.3000 3.4000 4.3000
v 1593.3000 3.4000 1.2000
v 1590.2000 0.0000 4.3000
v 1590.2000 0.0000 1.2000
v 1590.2000 3.4000 1.2000
v 1590.2000 3.4000 4.3000
v 1595.7000 0.0000 1.2000
v 1595.7000 0.0000 4.3000
v 1598.8000 0.0000 4.3000
v 1598.8000 0.0000 1.2000
v 1595.7000 3.4000 1.2000
v 1598.8000 3.4000 1.2000
v 1598.8000 3.4000 4.3000
v 1595.7000 3.4000 4.3000
v 1595.7000 0.0000 1.2000
v 1598.8000 0.0000 1.2000
v 1598.8000 3.4000 1.2000
v 1595.7000 3.4000 1.2000
v 1598.8000 0.0000 4.3000
v 1595.7000 0.0000 4.3000
v 1595.7000 3.4000 4.3000
v 1598.8000 3.4000 4.3000
v 1598.8000 0.0000 1.2000
v 1598.8000 0.0000 4.3000
v 1598.8000 3.4000 4.3000
v 1598.8000 3.4000 1.2000
v 1595.7000 0.0000 4.3000
v 1595.7000 0.0000 1.2000
v 1595.7000 3.4000 1.2000
v 1595.7000 3.4000 4.3000
v 1601.2000 0.0000 1.2000
v 1604.3000 0.0000 1.2000
v 1604.3000 0.0000 4.3000
v 1601.2000 0.0000 4.3000
v 1601.2000 3.4000 1.2000
v 1604.3000 3.4000 1.2000
v 1604.3000 3.4000 4.3000
v 1601.2000 3.4000 4.3000
v 1606.7000 0.0000 1.2000
v 1606.7000 0.0000 4.3000
v 1609.8000 0.0000 4.3000
v 1609.8000 0.0000 1.2000
v 1606.7000 3.4000 1.2000
v 1609.8000 3.4000 1.2000
v 1609.8000 3.4000 4.3000
v 1606.7000 3.4000 4.3000
v 1606.7000 0.0000 1.2000
v 1609.8000 0.0000 1.2000
v 1609.8000 3.4000 1.2000
v 1606.7000 3.4000 1.2000
v 1609.8000 0.0000 4.3000
v 1606.7000 0.0000 4.3000
v 1606.7000 3.4000 4.3000
v 1609.8000 3.4000 4.3000
v 1609.8000 0.0000 1.2000
v 1609.8000 0.0000 4.3000
v 1609.8000 3.4000 4.3000
v 1609.8000 3.4000 1.2000
v 1606.7000 0.0000 4.3000
v 1606.7000 0.0000 1.2000
v 1606.7000 3.4000 1.2000
v 1606.7000 3.4000 4.3000
v 1612.2000 0.0000 1.2000
v 1612.2000 0.0000 4.3000
v 1615.3000 0.0000 4.3000
v 1615.3000 0.0000 1.2000
v 1612.2000 3.4000 1.2000
v 1615.3000 3.4000 1.2000
v 1615.3000 3.4000 4.3000
v 1612.2000 3.4000 4.3000
v 1612.2000 0.0000 1.2000
v 1615.3000 0.0000 1.2000
v 1615.3000 3.4000 1.2000
v 1612.2000 3.4000 1.2000
v 1615.3000 0.0000 4.3000
v 1612.2000 0.0000 4.3000
v 1612.2000 3.4000 4.3000
v 1615.3000 3.4000 4.3000
v 1615.3000 0.0000 1.2000
v 1615.3000 0.0000 4.3000
v 1615.3000 3.4000 4.3000
v 1615.3000 3.4000 1.2000
v 1612.2000 0.0000 4.3000
v 1612.2000 0.0000 1.2000
v 1612.2000 3.4000 1.2000
v 1612.2000 3.4000 4.3000
v 1617.7000 0.0000 1.2000
v 1617.7000 0.0000 4.3000
v 1620.8000 0.0000 4.3000
v 1620.8000 0.0000 1.2000
v 1617.7000 3.4000 1.2000
v 1620.8000 3.4000 1.2000
v 1620.8000 3.4000 4.3000
v 1617.7000 3.4000 4.3000
v 1617.7000 0.0000 1.2000
v 1620.8000 0.0000 1.2000
v 1620.8000 3.4000 1.2000
v 1617.7000 3.4000 1.2000
v 1620.8000 0.0000 4.3000
v 1617.7000 0.0000 4.3000
v 1617.7000 3.4000 4.3000
v 1620.8000 3.4000 4.3000
v 1620.8000 0.0000 1.2000
v 1620.8000 0.0000 4.3000
v 1620.8000 3.4000 4.3000
v 1620.8000 3.4000 1.2000
v 1617.7000 0.0000 4.3000
v 1617.7000 0.0000 1.2000
v 1617.7000 3.4000 1.2000
v 1617.7000 3.4000 4.3000
v 1620.4500 0.0000 1.2000
v 1623.5500 0.0000 1.2000
v 1623.5500 0.0000 4.3000
v 1620.4500 0.0000 4.3000
v 1620.4500 3.4000 1.2000
v 1623.5500 3.4000 1.2000
v 1623.5500 3.4000 4.3000
v 1620.4500 3.4000 4.3000
v 1590.2000 0.0000 3.9500
v 1590.2000 0.0000 7.0500
v 1593.3000 0.0000 7.0500
v 1593.3000 0.0000 3.9500
v 1590.2000 3.4000 3.9500
v 1593.3000 3.4000 3.9500
v 1593.3000 3.4000 7.0500
v 1590.2000 3.4000 7.0500
v 1590.2000 0.0000 3.9500
v 1593.3000 0.0000 3.9500
v 1593.3000 3.4000 3.9500
v 1590.2000 3.4000 3.9500
v 1593.3000 0.0000 7.0500
v 1590.2000 0.0000 7.0500
v 1590.2000 3.4000 7.0500
v 1593.3000 3.4000 7.0500
v 1593.3000 0.0000 3.9500
v 1593.3000 0.0000 7.0500
v 1593.3000 3.4000 7.0500
v 1593.3000 3.4000 3.9500
v 1590.2000 0.0000 7.0500
v 1590.2000 0.0000 3.9500
v 1590.2000 3.4000 3.9500
v 1590.2000 3.4000 7.0500
v 1601.2000 0.0000 3.9500
v 1601.2000 0.0000 7.0500
v 1604.3000 0.0000 7.0500
v 1604.3000 0.0000 3.9500
v 1601.2000 3.4000 3.9500
v 1604.3000 3.4000 3.9500
v 1604.3000 3.4000 7.0500
v 1601.2000 3.4000 7.0500
v 1601.2000 0.0000 3.9500
v 1604.3000 0.0000 3.9500
v 1604.3000 3.4000 3.9500
v 1601.2000 3.4000 3.9500
v 1604.3000 0.0000 7.0500
v 1601.2000 0.0000 7.0500
v 1601.2000 3.4000 7.0500
v 1604.3000 3.4000 7.0500
v 1604.3000 0.0000 3.9500
v 1604.3000 0.0000 7.0500
v 1604.3000 3.4000 7.0500
v 1604.3000 3.4000 3.9500
v 1601.2000 0.0000 7.0500
v 1601.2000 0.0000 3.9500
v 1601.2000 3.4000 3.9500
v 1601.2000 3.4000 7.0500
v 1612.2000 0.0000 3.9500
v 1612.2000 0.0000 7.0500
v 1615.3000 0.0000 7.0500
v 1615.3000 0.0000 3.9500
v 1612.2000 3.4000 3.9500
v 1615.3000 3.4000 3.9500
v 1615.3000 3.4000 7.0500
v 1612.2000 3.4000 7.0500
v 1612.2000 0.0000 3.9500
v 1615.3000 0.0000 3.9500
v 1615.3000 3.4000 3.9500
v 1612.2000 3.4000 3.9500
v 1615.3000 0.0000 7.0500
v 1612.2000 0.0000 7.0500
v 1612.2000 3.4000 7.0500
v 1615.3000 3.4000 7.0500
v 1615.3000 0.0000 3.9500
v 1615.3000 0.0000 7.0500
v 1615.3000 3.4000 7.0500
v 1615.3000 3.4000 3.9500
v 1612.2000 0.0000 7.0500
v 1612.2000 0.0000 3.9500
v 1612.2000 3.4000 3.9500
v 1612.2000 3.4000 7.0500
v 1590.2000 0.0000 6.7000
v 1593.3000 0.0000 6.7000
v 1593.3000 0.0000 9.8000
v 1590.2000 0.0000 9.8000
v 1590.2000 3.4000 6.7000
v 1593.3000 3.4000 6.7000
v 1593.3000 3.4000 9.8000
v 1590.2000 3.4000 9.8000
v 1595.7000 0.0000 6.7000
v 1595.7000 0.0000 9.8000
v 1598.8000 0.0000 9.8000
v 1598.8000 0.0000 6.7000
v 1595.7000 3.4000 6.7000
v 1598.8000 3.4000 6.7000
v 1598.8000 3.4000 9.8000
v 1595.7000 3.4000 9.8000
v 1595.7000 0.0000 6.7000
v 1598.8000 0.0000 6.7000
v 1598.8000 3.4000 6.7000
v 1595.7000 3.4000 6.7000
v 1598.8000 0.0000 9.8000
v 1595.7000 0.0000 9.8000
v 1595.7000 3.4000 9.8000
v 1598.8000 3.4000 9.8000
v 1598.8000 0.0000 6.7000
v 1598.8000 0.0000 9.8000
v 1598.8000 3.4000 9.8000
v 1598.8000 3.4000 6.7000
v 1595.7000 0.0000 9.8000
v 1595.7000 0.0000 6.7000
v 1595.7000 3.4000 6.7000
v 1595.7000 3.4000 9.8000
v 1598.4500 0.0000 6.7000
v 1598.4500 0.0000 9.8000
v 1601.5500 0.0000 9.8000
v 1601.5500 0.0000 6.7000
v 1598.4500 3.4000 6.7000
v 1601.5500 3.4000 6.7000
v 1601.5500 3.4000 9.8000
v 1598.4500 3.4000 9.8000
v 1598.4500 0.0000 6.7000
v 1601.5500 0.0000 6.7000
v 1601.5500 3.4000 6.7000
v 1598.4500 3.4000 6.7000
v 1601.5500 0.0000 9.8000
v 1598.4500 0.0000 9.8000
v 1598.4500 3.4000 9.8000
v 1601.5500 3.4000 9.8000
v 1601.5500 0.0000 6.7000
v 1601.5500 0.0000 9.8000
v 1601.5500 3.4000 9.8000
v 1601.5500 3.4000 6.7000
v 1598.4500 0.0000 9.8000
v 1598.4500 0.0000 6.7000
v 1598.4500 3.4000 6.7000
v 1598.4500 3.4000 9.8000
v 1601.2000 0.0000 6.7000
v 1601.2000 0.0000 9.8000
v 1604.3000 0.0000 9.8000
v 1604.3000 0.0000 6.7000
v 1601.2000 3.4000 6.7000
v 1604.3000 3.4000 6.7000
v 1604.3000 3.4000 9.8000
v 1601.2000 3.4000 9.8000
v 1601.2000 0.0000 6.7000
v 1604.3000 0.0000 6.7000
v 1604.3000 3.4000 6.7000
v 1601.2000 3.4000 6.7000
v 1604.3000 0.0000 9.8000
v 1601.2000 0.0000 9.8000
v 1601.2000 3.4000 9.8000
v 1604.3000 3.4000 9.8000
v 1604.3000 0.0000 6.7000
v 1604.3000 0.0000 9.8000
v 1604.3000 3.4000 9.8000
v 1604.3000 3.4000 6.7000
v 1601.2000 0.0000 9.8000
v 1601.2000 0.0000 6.7000
v 1601.2000 3.4000 6.7000
v 1601.2000 3.4000 9.8000
v 1606.7000 0.0000 6.7000
v 1606.7000 0.0000 9.8000
v 1609.8000 0.0000 9.8000
v 1609.8000 0.0000 6.7000
v 1606.7000 3.4000 6.7000
v 1609.8000 3.4000 6.7000
v 1609.8000 3.4000 9.8000
v 1606.7000 3.4000 9.8000
v 1606.7000 0.0000 6.7000
v 1609.8000 0.0000 6.7000
v 1609.8000 3.4000 6.7000
v 1606.7000 3.4000 6.7000
v 1609.8000 0.0000 9.8000
v 1606.7000 0.0000 9.8000
v 1606.7000 3.4000 9.8000
v 1609.8000 3.4000 9.8000
v 1609.8000 0.0000 6.7000
v 1609.8000 0.0000 9.8000
v 1609.8000 3.4000 9.8000
v 1609.8000 3.4000 6.7000
v 1606.7000 0.0000 9.8000
v 1606.7000 0.0000 6.7000
v 1606.7000 3.4000 6.7000
v 1606.7000 3.4000 9.8000
v 1609.4500 0.0000 6.7000
v 1609.4500 0.0000 9.8000
v 1612.5500 0.0000 9.8000
v 1612.5500 0.0000 6.7000
v 1609.4500 3.4000 6.7000
v 1612.5500 3.4000 6.7000
v 1612.5500 3.4000 9.8000
v 1609.4500 3.4000 9.8000
v 1609.4500 0.0000 6.7000
v 1612.5500 0.0000 6.7000
v 1612.5500 3.4000 6.7000
v 1609.4500 3.4000 6.7000
v 1612.5500 0.0000 9.8000
v 1609.4500 0.0000 9.8000
v 1609.4500 3.4000 9.8000
v 1612.5500 3.4000 9.8000
v 1612.5500 0.0000 6.7000
v 1612.5500 0.0000 9.8000
v 1612.5500 3.4000 9.8000
v 1612.5500 3.4000 6.7000
v 1609.4500 0.0000 9.8000
v 1609.4500 0.0000 6.7000
v 1609.4500 3.4000 6.7000
v 1609.4500 3.4000 9.8000
v 1612.2000 0.0000 6.7000
v 1615.3000 0.0000 6.7000
v 1615.3000 0.0000 9.8000
v 1612.2000 0.0000 9.8000
v 1612.2000 3.4000 6.7000
v 1615.3000 3.4000 6.7000
v 1615.3000 3.4000 9.8000
v 1612.2000 3.4000 9.8000
v 1590.2000 0.0000 9.4500
v 1590.2000 0.0000 12.5500
v 1593.3000 0.0000 12.5500
v 1593.3000 0.0000 9.4500
v 1590.2000 3.4000 9.4500
v 1593.3000 3.4000 9.4500
v 1593.3000 3.4000 12.5500
v 1590.2000 3.4000 12.5500
v 1590.2000 0.0000 9.4500
v 1593.3000 0.0000 9.4500
v 1593.3000 3.4000 9.4500
v 1590.2000 3.4000 9.4500
v 1593.3000 0.0000 12.5500
v 1590.2000 0.0000 12.5500
v 1590.2000 3.4000 12.5500
v 1593.3000 3.4000 12.5500
v 1593.3000 0.0000 9.4500
v 1593.3000 0.0000 12.5500
v 1593.3000 3.4000 12.5500
v 1593.3000 3.4000 9.4500
v 1590.2000 0.0000 12.5500
v 1590.2000 0.0000 9.4500
v 1590.2000 3.4000 9.4500
v 1590.2000 3.4000 12.5500
v 1595.7000 0.0000 9.4500
v 1595.7000 0.0000 12.5500
v 1598.8000 0.0000 12.5500
v 1598.8000 0.0000 9.4500
v 1595.7000 3.4000 9.4500
v 1598.8000 3.4000 9.4500
v 1598.8000 3.4000 12.5500
v 1595.7000 3.4000 12.5500
v 1595.7000 0.0000 9.4500
v 1598.8000 0.0000 9.4500
v 1598.8000 3.4000 9.4500
v 1595.7000 3.4000 9.4500
v 1598.8000 0.0000 12.5500
v 1595.7000 0.0000 12.5500
v 1595.7000 3.4000 12.5500
v 1598.8000 3.4000 12.5500
v 1598.8000 0.0000 9.4500
v 1598.8000 0.0000 12.5500
v 1598.8000 3.4000 12.5500
v 1598.8000 3.4000 9.4500
v 1595.7000 0.0000 12.5500
v 1595.7000 0.0000 9.4500
v 1595.7000 3.4000 9.4500
v 1595.7000 3.4000 12.5500
v 1601.2000 0.0000 9.4500
v 1601.2000 0.0000 12.5500
v 1604.3000 0.0000 12.5500
v 1604.3000 0.0000 9.4500
v 1601.2000 3.4000 9.4500
v 1604.3000 3.4000 9.4500
v 1604.3000 3.4000 12.5500
v 1601.2000 3.4000 12.5500
v 1601.2000 0.0000 9.4500
v 1604.3000 0.0000 9.4500
v 1604.3000 3.4000 9.4500
v 1601.2000 3.4000 9.4500
v 1604.3000 0.0000 12.5500
v 1601.2000 0.0000 12.5500
v 1601.2000 3.4000 12.5500
v 1604.3000 3.4000 12.5500
v 1604.3000 0.0000 9.4500
v 1604.3000 0.0000 12.5500
v 1604.3000 3.4000 12.5500
v 1604.3000 3.4000 9.4500
v 1601.2000 0.0000 12.5500
v 1601.2000 0.0000 9.4500
v 1601.2000 3.4000 9.4500
v 1601.2000 3.4000 12.5500
v 1606.7000 0.0000 9.4500
v 1606.7000 0.0000 12.5500
v 1609.8000 0.0000 12.5500
v 1609.8000 0.0000 9.4500
v 1606.7000 3.4000 9.4500
v 1609.8000 3.4000 9.4500
v 1609.8000 3.4000 12.5500
v 1606.7000 3.4000 12.5500
v 1606.7000 0.0000 9.4500
v 1609.8000 0.0000 9.4500
v 1609.8000 3.4000 9.4500
v 1606.7000 3.4000 9.4500
v 1609.8000 0.0000 12.5500
v 1606.7000 0.0000 12.5500
v 1606.7000 3.4000 12.5500
v 1609.8000 3.4000 12.5500
v 1609.8000 0.0000 9.4500
v 1609.8000 0.0000 12.5500
v 1609.8000 3.4000 12.5500
v 1609.8000 3.4000 9.4500
v 1606.7000 0.0000 12.5500
v 1606.7000 0.0000 9.4500
v 1606.7000 3.4000 9.4500
v 1606.7000 3.4000 12.5500
v 1590.2000 0.0000 12.2000
v 1590.2000 0.0000 15.3000
v 1593.3000 0.0000 15.3000
v 1593.3000 0.0000 12.2000
v 1590.2000 3.4000 12.2000
v 1593.3000 3.4000 12.2000
v 1593.3000 3.4000 15.3000
v 1590.2000 3.4000 15.3000
v 1590.2000 0.0000 12.2000
v 1593.3000 0.0000 12.2000
v 1593.3000 3.4000 12.2000
v 1590.2000 3.4000 12.2000
v 1593.3000 0.0000 15.3000
v 1590.2000 0.0000 15.3000
v 1590.2000 3.4000 15.3000
v 1593.3000 3.4000 15.3000
v 1593.3000 0.0000 12.2000
v 1593.3000 0.0000 15.3000
v 1593.3000 3.4000 15.3000
v 1593.3000 3.4000 12.2000
v 1590.2000 0.0000 15.3000
v 1590.2000 0.0000 12.2000
v 1590.2000 3.4000 12.2000
v 1590.2000 3.4000 15.3000
v 1595.7000 0.0000 12.2000
v 1598.8000 0.0000 12.2000
v 1598.8000 0.0000 15.3000
v 1595.7000 0.0000 15.3000
v 1595.7000 3.4000 12.2000
v 1598.8000 3.4000 12.2000
v 1598.8000 3.4000 15.3000
v 1595.7000 3.4000 15.3000
v 1601.2000 0.0000 12.2000
v 1601.2000 0.0000 15.3000
v 1604.3000 0.0000 15.3000
v 1604.3000 0.0000 12.2000
v 1601.2000 3.4000 12.2000
v 1604.3000 3.4000 12.2000
v 1604.3000 3.4000 15.3000
v 1601.2000 3.4000 15.3000
v 1601.2000 0.0000 12.2000
v 1604.3000 0.0000 12.2000
v 1604.3000 3.4000 12.2000
v 1601.2000 3.4000 12.2000
v 1604.3000 0.0000 15.3000
v 1601.2000 0.0000 15.3000
v 1601.2000 3.4000 15.3000
v 1604.3000 3.4000 15.3000
v 1604.3000 0.0000 12.2000
v 1604.3000 0.0000 15.3000
v 1604.3000 3.4000 15.3000
v 1604.3000 3.4000 12.2000
v 1601.2000 0.0000 15.3000
v 1601.2000 0.0000 12.2000
v 1601.2000 3.4000 12.2000
v 1601.2000 3.4000 15.3000
v 1606.7000 0.0000 12.2000
v 1606.7000 0.0000 15.3000
v 1609.8000 0.0000 15.3000
v 1609.8000 0.0000 12.2000
v 1606.7000 3.4000 12.2000
v 1609.8000 3.4000 12.2000
v 1609.8000 3.4000 15.3000
v 1606.7000 3.4000 15.3000
v 1606.7000 0.0000 12.2000
v 1609.8000 0.0000 12.2000
v 1609.8000 3.4000 12.2000
v 1606.7000 3.4000 12.2000
v 1609.8000 0.0000 15.3000
v 1606.7000 0.0000 15.3000
v 1606.7000 3.4000 15.3000
v 1609.8000 3.4000 15.3000
v 1609.8000 0.0000 12.2000
v 1609.8000 0.0000 15.3000
v 1609.8000 3.4000 15.3000
v 1609.8000 3.4000 12.2000
v 1606.7000 0.0000 15.3000
v 1606.7000 0.0000 12.2000
v 1606.7000 3.4000 12.2000
v 1606.7000 3.4000 15.3000
v 1609.4500 0.0000 12.2000
v 1609.4500 0.0000 15.3000
v 1612.5500 0.0000 15.3000
v 1612.5500 0.0000 12.2000
v 1609.4500 3.4000 12.2000
v 1612.5500 3.4000 12.2000
v 1612.5500 3.4000 15.3000
v 1609.4500 3.4000 15.3000
v 1609.4500 0.0000 12.2000
v 1612.5500 0.0000 12.2000
v 1612.5500 3.4000 12.2000
v 1609.4500 3.4000 12.2000
v 1612.5500 0.0000 15.3000
v 1609.4500 0.0000 15.3000
v 1609.4500 3.4000 15.3000
v 1612.5500 3.4000 15.3000
v 1612.5500 0.0000 12.2000
v 1612.5500 0.0000 15.3000
v 1612.5500 3.4000 15.3000
v 1612.5500 3.4000 12.2000
v 1609.4500 0.0000 15.3000
v 1609.4500 0.0000 12.2000
v 1609.4500 3.4000 12.2000
v 1609.4500 3.4000 15.3000
v 1612.2000 0.0000 12.2000
v 1612.2000 0.0000 15.3000
v 1615.3000 0.0000 15.3000
v 1615.3000 0.0000 12.2000
v 1612.2000 3.4000 12.2000
v 1615.3000 3.4000 12.2000
v 1615.3000 3.4000 15.3000
v 1612.2000 3.4000 15.3000
v 1612.2000 0.0000 12.2000
v 1615.3000 0.0000 12.2000
v 1615.3000 3.4000 12.2000
v 1612.2000 3.4000 12.2000
v 1615.3000 0.0000 15.3000
v 1612.2000 0.0000 15.3000
v 1612.2000 3.4000 15.3000
v 1615.3000 3.4000 15.3000
v 1615.3000 0.0000 12.2000
v 1615.3000 0.0000 15.3000
v 1615.3000 3.4000 15.3000
v 1615.3000 3.4000 12.2000
v 1612.2000 0.0000 15.3000
v 1612.2000 0.0000 12.2000
v 1612.2000 3.4000 12.2000
v 1612.2000 3.4000 15.3000
v 1617.7000 0.0000 12.2000
v 1617.7000 0.0000 15.3000
v 1620.8000 0.0000 15.3000
v 1620.8000 0.0000 12.2000
v 1617.7000 3.4000 12.2000
v 1620.8000 3.4000 12.2000
v 1620.8000 3.4000 15.3000
v 1617.7000 3.4000 15.3000
v 1617.7000 0.0000 12.2000
v 1620.8000 0.0000 12.2000
v 1620.8000 3.4000 12.2000
v 1617.7000 3.4000 12.2000
v 1620.8000 0.0000 15.3000
v 1617.7000 0.0000 15.3000
v 1617.7000 3.4000 15.3000
v 1620.8000 3.4000 15.3000
v 1620.8000 0.0000 12.2000
v 1620.8000 0.0000 15.3000
v 1620.8000 3.4000 15.3000
v 1620.8000 3.4000 12.2000
v 1617.7000 0.0000 15.3000
v 1617.7000 0.0000 12.2000
v 1617.7000 3.4000 12.2000
v 1617.7000 3.4000 15.3000
v 1590.2000 0.0000 14.9500
v 1590.2000 0.0000 18.0500
v 1593.3000 0.0000 18.0500
v 1593.3000 0.0000 14.9500
v 1590.2000 3.4000 14.9500
v 1593.3000 3.4000 14.9500
v 1593.3000 3.4000 18.0500
v 1590.2000 3.4000 18.0500
v 1590.2000 0.0000 14.9500
v 1593.3000 0.0000 14.9500
v 1593.3000 3.4000 14.9500
v 1590.2000 3.4000 14.9500
v 1593.3000 0.0000 18.0500
v 1590.2000 0.0000 18.0500
v 1590.2000 3.4000 18.0500
v 1593.3000 3.4000 18.0500
v 1593.3000 0.0000 14.9500
v 1593.3000 0.0000 18.0500
v 1593.3000 3.4000 18.0500
v 1593.3000 3.4000 14.9500
v 1590.2000 0.0000 18.0500
v 1590.2000 0.0000 14.9500
v 1590.2000 3.4000 14.9500
v 1590.2000 3.4000 18.0500
v 1601.2000 0.0000 14.9500
v 1601.2000 0.0000 18.0500
v 1604.3000 0.0000 18.0500
v 1604.3000 0.0000 14.9500
v 1601.2000 3.4000 14.9500
v 1604.3000 3.4000 14.9500
v 1604.3000 3.4000 18.0500
v 1601.2000 3.4000 18.0500
v 1601.2000 0.0000 14.9500
v 1604.3000 0.0000 14.9500
v 1604.3000 3.4000 14.9500
v 1601.2000 3.4000 14.9500
v 1604.3000 0.0000 18.0500
v 1601.2000 0.0000 18.0500
v 1601.2000 3.4000 18.0500
v 1604.3000 3.4000 18.0500
v 1604.3000 0.0000 14.9500
v 1604.3000 0.0000 18.0500
v 1604.3000 3.4000 18.0500
v 1604.3000 3.4000 14.9500
v 1601.2000 0.0000 18.0500
v 1601.2000 0.0000 14.9500
v 1601.2000 3.4000 14.9500
v 1601.2000 3.4000 18.0500
v 1617.7000 0.0000 14.9500
v 1617.7000 0.0000 18.0500
v 1620.8000 0.0000 18.0500
v 1620.8000 0.0000 14.9500
v 1617.7000 3.4000 14.9500
v 1620.8000 3.4000 14.9500
v 1620.8000 3.4000 18.0500
v 1617.7000 3.4000 18.0500
v 1617.7000 0.0000 14.9500
v 1620.8000 0.0000 14.9500
v 1620.8000 3.4000 14.9500
v 1617.7000 3.4000 14.9500
v 1620.8000 0.0000 18.0500
v 1617.7000 0.0000 18.0500
v 1617.7000 3.4000 18.0500
v 1620.8000 3.4000 18.0500
v 1620.8000 0.0000 14.9500
v 1620.8000 0.0000 18.0500
v 1620.8000 3.4000 18.0500
v 1620.8000 3.4000 14.9500
v 1617.7000 0.0000 18.0500
v 1617.7000 0.0000 14.9500
v 1617.7000 3.4000 14.9500
v 1617.7000 3.4000 18.0500
v 1590.2000 0.0000 17.7000
v 1590.2000 0.0000 20.8000
v 1593.3000 0.0000 20.8000
v 1593.3000 0.0000 17.7000
v 1590.2000 3.4000 17.7000
v 1593.3000 3.4000 17.7000
v 1593.3000 3.4000 20.8000
v 1590.2000 3.4000 20.8000
v 1590.2000 0.0000 17.7000
v 1593.3000 0.0000 17.7000
v 1593.3000 3.4000 17.7000
v 1590.2000 3.4000 17.7000
v 1593.3000 0.0000 20.8000
v 1590.2000 0.0000 20.8000
v 1590.2000 3.4000 20.8000
v 1593.3000 3.4000 20.8000
v 1593.3000 0.0000 17.7000
v 1593.3000 0.0000 20.8000
v 1593.3000 3.4000 20.8000
v 1593.3000 3.4000 17.7000
v 1590.2000 0.0000 20.8000
v 1590.2000 0.0000 17.7000
v 1590.2000 3.4000 17.7000
v 1590.2000 3.4000 20.8000
v 1595.7000 0.0000 17.7000
v 1595.7000 0.0000 20.8000
v 1598.8000 0.0000 20.8000
v 1598.8000 0.0000 17.7000
v 1595.7000 3.4000 17.7000
v 1598.8000 3.4000 17.7000
v 1598.8000 3.4000 20.8000
v 1595.7000 3.4000 20.8000
v 1595.7000 0.0000 17.7000
v 1598.8000 0.0000 17.7000
v 1598.8000 3.4000 17.7000
v 1595.7000 3.4000 17.7000
v 1598.8000 0.0000 20.8000
v 1595.7000 0.0000 20.8000
v 1595.7000 3.4000 20.8000
v 1598.8000 3.4000 20.8000
v 1598.8000 0.0000 17.7000
v 1598.8000 0.0000 20.8000
v 1598.8000 3.4000 20.8000
v 1598.8000 3.4000 17.7000
v 1595.7000 0.0000 20.8000
v 1595.7000 0.0000 17.7000
v 1595.7000 3.4000 17.7000
v 1595.7000 3.4000 20.8000
v 1601.2000 0.0000 17.7000
v 1604.3000 0.0000 17.7000
v 1604.3000 0.0000 20.8000
v 1601.2000 0.0000 20.8000
v 1601.2000 3.4000 17.7000
v 1604.3000 3.4000 17.7000
v 1604.3000 3.4000 20.8000
v 1601.2000 3.4000 20.8000
v 1603.9500 0.0000 17.7000
v 1603.9500 0.0000 20.8000
v 1607.0500 0.0000 20.8000
v 1607.0500 0.0000 17.7000
v 1603.9500 3.4000 17.7000
v 1607.0500 3.4000 17.7000
v 1607.0500 3.4000 20.8000
v 1603.9500 3.4000 20.8000
v 1603.9500 0.0000 17.7000
v 1607.0500 0.0000 17.7000
v 1607.0500 3.4000 17.7000
v 1603.9500 3.4000 17.7000
v 1607.0500 0.0000 20.8000
v 1603.9500 0.0000 20.8000
v 1603.9500 3.4000 20.8000
v 1607.0500 3.4000 20.8000
v 1607.0500 0.0000 17.7000
v 1607.0500 0.0000 20.8000
v 1607.0500 3.4000 20.8000
v 1607.0500 3.4000 17.7000
v 1603.9500 0.0000 20.8000
v 1603.9500 0.0000 17.7000
v 1603.9500 3.4000 17.7000
v 1603.9500 3.4000 20.8000
v 1606.7000 0.0000 17.7000
v 1606.7000 0.0000 20.8000
v 1609.8000 0.0000 20.8000
v 1609.8000 0.0000 17.7000
v 1606.7000 3.4000 17.7000
v 1609.8000 3.4000 17.7000
v 1609.8000 3.4000 20.8000
v 1606.7000 3.4000 20.8000
v 1606.7000 0.0000 17.7000
v 1609.8000 0.0000 17.7000
v 1609.8000 3.4000 17.7000
v 1606.7000 3.4000 17.7000
v 1609.8000 0.0000 20.8000
v 1606.7000 0.0000 20.8000
v 1606.7000 3.4000 20.8000
v 1609.8000 3.4000 20.8000
v 1609.8000 0.0000 17.7000
v 1609.8000 0.0000 20.8000
v 1609.8000 3.4000 20.8000
v 1609.8000 3.4000 17.7000
v 1606.7000 0.0000 20.8000
v 1606.7000 0.0000 17.7000
v 1606.7000 3.4000 17.7000
v 1606.7000 3.4000 20.8000
v 1609.4500 0.0000 17.7000
v 1609.4500 0.0000 20.8000
v 1612.5500 0.0000 20.8000
v 1612.5500 0.0000 17.7000
v 1609.4500 3.4000 17.7000
v 1612.5500 3.4000 17.7000
v 1612.5500 3.4000 20.8000
v 1609.4500 3.4000 20.8000
v 1609.4500 0.0000 17.7000
v 1612.5500 0.0000 17.7000
v 1612.5500 3.4000 17.7000
v 1609.4500 3.4000 17.7000
v 1612.5500 0.0000 20.8000
v 1609.4500 0.0000 20.8000
v 1609.4500 3.4000 20.8000
v 1612.5500 3.4000 20.8000
v 1612.5500 0.0000 17.7000
v 1612.5500 0.0000 20.8000
v 1612.5500 3.4000 20.8000
v 1612.5500 3.4000 17.7000
v 1609.4500 0.0000 20.8000
v 1609.4500 0.0000 17.7000
v 1609.4500 3.4000 17.7000
v 1609.4500 3.4000 20.8000
v 1612.2000 0.0000 17.7000
v 1615.3000 0.0000 17.7000
v 1615.3000 0.0000 20.8000
v 1612.2000 0.0000 20.8000
v 1612.2000 3.4000 17.7000
v 1615.3000 3.4000 17.7000
v 1615.3000 3.4000 20.8000
v 1612.2000 3.4000 20.8000
v 1617.7000 0.0000 17.7000
v 1617.7000 0.0000 20.8000
v 1620.8000 0.0000 20.8000
v 1620.8000 0.0000 17.7000
v 1617.7000 3.4000 17.7000
v 1620.8000 3.4000 17.7000
v 1620.8000 3.4000 20.8000
v 1617.7000 3.4000 20.8000
v 1617.7000 0.0000 17.7000
v 1620.8000 0.0000 17.7000
v 1620.8000 3.4000 17.7000
v 1617.7000 3.4000 17.7000
v 1620.8000 0.0000 20.8000
v 1617.7000 0.0000 20.8000
v 1617.7000 3.4000 20.8000
v 1620.8000 3.4000 20.8000
v 1620.8000 0.0000 17.7000
v 1620.8000 0.0000 20.8000
v 1620.8000 3.4000 20.8000
v 1620.8000 3.4000 17.7000
v 1617.7000 0.0000 20.8000
v 1617.7000 0.0000 17.7000
v 1617.7000 3.4000 17.7000
v 1617.7000 3.4000 20.8000
v 1595.7000 0.0000 20.4500
v 1595.7000 0.0000 23.5500
v 1598.8000 0.0000 23.5500
v 1598.8000 0.0000 20.4500
v 1595.7000 3.4000 20.4500
v 1598.8000 3.4000 20.4500
v 1598.8000 3.4000 23.5500
v 1595.7000 3.4000 23.5500
v 1595.7000 0.0000 20.4500
v 1598.8000 0.0000 20.4500
v 1598.8000 3.4000 20.4500
v 1595.7000 3.4000 20.4500
v 1598.8000 0.0000 23.5500
v 1595.7000 0.0000 23.5500
v 1595.7000 3.4000 23.5500
v 1598.8000 3.4000 23.5500
v 1598.8000 0.0000 20.4500
v 1598.8000 0.0000 23.5500
v 1598.8000 3.4000 23.5500
v 1598.8000 3.4000 20.4500
v 1595.7000 0.0000 23.5500
v 1595.7000 0.0000 20.4500
v 1595.7000 3.4000 20.4500
v 1595.7000 3.4000 23.5500
v 1606.7000 0.0000 20.4500
v 1606.7000 0.0000 23.5500
v 1609.8000 0.0000 23.5500
v 1609.8000 0.0000 20.4500
v 1606.7000 3.4000 20.4500
v 1609.8000 3.4000 20.4500
v 1609.8000 3.4000 23.5500
v 1606.7000 3.4000 23.5500
v 1606.7000 0.0000 20.4500
v 1609.8000 0.0000 20.4500
v 1609.8000 3.4000 20.4500
v 1606.7000 3.4000 20.4500
v 1609.8000 0.0000 23.5500
v 1606.7000 0.0000 23.5500
v 1606.7000 3.4000 23.5500
v 1609.8000 3.4000 23.5500
v 1609.8000 0.0000 20.4500
v 1609.8000 0.0000 23.5500
v 1609.8000 3.4000 23.5500
v 1609.8000 3.4000 20.4500
v 1606.7000 0.0000 23.5500
v 1606.7000 0.0000 20.4500
v 1606.7000 3.4000 20.4500
v 1606.7000 3.4000 23.5500
v 1617.7000 0.0000 20.4500
v 1617.7000 0.0000 23.5500
v 1620.8000 0.0000 23.5500
v 1620.8000 0.0000 20.4500
v 1617.7000 3.4000 20.4500
v 1620.8000 3.4000 20.4500
v 1620.8000 3.4000 23.5500
v 1617.7000 3.4000 23.5500
v 1617.7000 0.0000 20.4500
v 1620.8000 0.0000 20.4500
v 1620.8000 3.4000 20.4500
v 1617.7000 3.4000 20.4500
v 1620.8000 0.0000 23.5500
v 1617.7000 0.0000 23.5500
v 1617.7000 3.4000 23.5500
v 1620.8000 3.4000 23.5500
v 1620.8000 0.0000 20.4500
v 1620.8000 0.0000 23.5500
v 1620.8000 3.4000 23.5500
v 1620.8000 3.4000 20.4500
v 1617.7000 0.0000 23.5500
v 1617.7000 0.0000 20.4500
v 1617.7000 3.4000 20.4500
v 1617.7000 3.4000 23.5500
v 1599.8700 1.9000 -5.5800
v 1600.1300 1.9000 -5.5800
v 1600.1300 1.9000 -5.4200
v 1599.8700 1.9000 -5.4200
v 1599.8700 2.2000 -5.5800
v 1600.1300 2.2000 -5.5800
v 1600.1300 2.2000 -5.4200
v 1599.8700 2.2000 -5.4200
v 1599.8300 2.2100 -5.6100
v 1600.1700 2.2100 -5.6100
v 1600.1700 2.2100 -5.3900
v 1599.8300 2.2100 -5.3900
v 1599.8300 2.2700 -5.6100
v 1600.1700 2.2700 -5.6100
v 1600.1700 2.2700 -5.3900
v 1599.8300 2.2700 -5.3900
v 1610.8700 1.9000 -5.5800
v 1611.1300 1.9000 -5.5800
v 1611.1300 1.9000 -5.4200
v 1610.8700 1.9000 -5.4200
v 1610.8700 2.2000 -5.5800
v 1611.1300 2.2000 -5.5800
v 1611.1300 2.2000 -5.4200
v 1610.8700 2.2000 -5.4200
v 1610.8300 2.2100 -5.6100
v 1611.1700 2.2100 -5.6100
v 1611.1700 2.2100 -5.3900
v 1610.8300 2.2100 -5.3900
v 1610.8300 2.2700 -5.6100
v 1611.1700 2.2700 -5.6100
v 1611.1700 2.2700 -5.3900
v 1610.8300 2.2700 -5.3900
v 1616.3700 1.9000 -5.5800
v 1616.6300 1.9000 -5.5800
v 1616.6300 1.9000 -5.4200
v 1616.3700 1.9000 -5.4200
v 1616.3700 2.2000 -5.5800
v 1616.6300 2.2000 -5.5800
v 1616.6300 2.2000 -5.4200
v 1616.3700 2.2000 -5.4200
v 1616.3300 2.2100 -5.6100
v 1616.6700 2.2100 -5.6100
v 1616.6700 2.2100 -5.3900
v 1616.3300 2.2100 -5.3900
v 1616.3300 2.2700 -5.6100
v 1616.6700 2.2700 -5.6100
v 1616.6700 2.2700 -5.3900
v 1616.3300 2.2700 -5.3900
v 1594.3700 1.9000 -0.0800
v 1594.6300 1.9000 -0.0800
v 1594.6300 1.9000 0.0800
v 1594.3700 1.9000 0.0800
v 1594.3700 2.2000 -0.0800
v 1594.6300 2.2000 -0.0800
v 1594.6300 2.2000 0.0800
v 1594.3700 2.2000 0.0800
v 1594.3300 2.2100 -0.1100
v 1594.6700 2.2100 -0.1100
v 1594.6700 2.2100 0.1100
v 1594.3300 2.2100 0.1100
v 1594.3300 2.2700 -0.1100
v 1594.6700 2.2700 -0.1100
v 1594.6700 2.2700 0.1100
v 1594.3300 2.2700 0.1100
v 1605.3700 1.9000 -0.0800
v 1605.6300 1.9000 -0.0800
v 1605.6300 1.9000 0.0800
v 1605.3700 1.9000 0.0800
v 1605.3700 2.2000 -0.0800
v 1605.6300 2.2000 -0.0800
v 1605.6300 2.2000 0.0800
v 1605.3700 2.2000 0.0800
v 1605.3300 2.2100 -0.1100
v 1605.6700 2.2100 -0.1100
v 1605.6700 2.2100 0.1100
v 1605.3300 2.2100 0.1100
v 1605.3300 2.2700 -0.1100
v 1605.6700 2.2700 -0.1100
v 1605.6700 2.2700 0.1100
v 1605.3300 2.2700 0.1100
v 1610.8700 1.9000 -0.0800
v 1611.1300 1.9000 -0.0800
v 1611.1300 1.9000 0.0800
v 1610.8700 1.9000 0.0800
v 1610.8700 2.2000 -0.0800
v 1611.1300 2.2000 -0.0800
v 1611.1300 2.2000 0.0800
v 1610.8700 2.2000 0.0800
v 1610.8300 2.2100 -0.1100
v 1611.1700 2.2100 -0.1100
v 1611.1700 2.2100 0.1100
v 1610.8300 2.2100 0.1100
v 1610.8300 2.2700 -0.1100
v 1611.1700 2.2700 -0.1100
v 1611.1700 2.2700 0.1100
v 1610.8300 2.2700 0.1100
v 1616.3700 1.9000 -0.0800
v 1616.6300 1.9000 -0.0800
v 1616.6300 1.9000 0.0800
v 1616.3700 1.9000 0.0800
v 1616.3700 2.2000 -0.0800
v 1616.6300 2.2000 -0.0800
v 1616.6300 2.2000 0.0800
v 1616.3700 2.2000 0.0800
v 1616.3300 2.2100 -0.1100
v 1616.6700 2.2100 -0.1100
v 1616.6700 2.2100 0.1100
v 1616.3300 2.2100 0.1100
v 1616.3300 2.2700 -0.1100
v 1616.6700 2.2700 -0.1100
v 1616.6700 2.2700 0.1100
v 1616.3300 2.2700 0.1100
v 1621.8700 1.9000 -0.0800
v 1622.1300 1.9000 -0.0800
v 1622.1300 1.9000 0.0800
v 1621.8700 1.9000 0.0800
v 1621.8700 2.2000 -0.0800
v 1622.1300 2.2000 -0.0800
v 1622.1300 2.2000 0.0800
v 1621.8700 2.2000 0.0800
v 1621.8300 2.2100 -0.1100
v 1622.1700 2.2100 -0.1100
v 1622.1700 2.2100 0.1100
v 1621.8300 2.2100 0.1100
v 1621.8300 2.2700 -0.1100
v 1622.1700 2.2700 -0.1100
v 1622.1700 2.2700 0.1100
v 1621.8300 2.2700 0.1100
v 1616.3700 1.9000 5.4200
v 1616.6300 1.9000 5.4200
v 1616.6300 1.9000 5.5800
v 1616.3700 1.9000 5.5800
v 1616.3700 2.2000 5.4200
v 1616.6300 2.2000 5.4200
v 1616.6300 2.2000 5.5800
v 1616.3700 2.2000 5.5800
v 1616.3300 2.2100 5.3900
v 1616.6700 2.2100 5.3900
v 1616.6700 2.2100 5.6100
v 1616.3300 2.2100 5.6100
v 1616.3300 2.2700 5.3900
v 1616.6700 2.2700 5.3900
v 1616.6700 2.2700 5.6100
v 1616.3300 2.2700 5.6100
v 1610.8700 1.9000 10.9200
v 1611.1300 1.9000 10.9200
v 1611.1300 1.9000 11.0800
v 1610.8700 1.9000 11.0800
v 1610.8700 2.2000 10.9200
v 1611.1300 2.2000 10.9200
v 1611.1300 2.2000 11.0800
v 1610.8700 2.2000 11.0800
v 1610.8300 2.2100 10.8900
v 1611.1700 2.2100 10.8900
v 1611.1700 2.2100 11.1100
v 1610.8300 2.2100 11.1100
v 1610.8300 2.2700 10.8900
v 1611.1700 2.2700 10.8900
v 1611.1700 2.2700 11.1100
v 1610.8300 2.2700 11.1100
v 1621.8700 1.9000 10.9200
v 1622.1300 1.9000 10.9200
v 1622.1300 1.9000 11.0800
v 1621.8700 1.9000 11.0800
v 1621.8700 2.2000 10.9200
v 1622.1300 2.2000 10.9200
v 1622.1300 2.2000 11.0800
v 1621.8700 2.2000 11.0800
v 1621.8300 2.2100 10.8900
v 1622.1700 2.2100 10.8900
v 1622.1700 2.2100 11.1100
v 1621.8300 2.2100 11.1100
v 1621.8300 2.2700 10.8900
v 1622.1700 2.2700 10.8900
v 1622.1700 2.2700 11.1100
v 1621.8300 2.2700 11.1100
v 1594.3700 1.9000 16.4200
v 1594.6300 1.9000 16.4200
v 1594.6300 1.9000 16.5800
v 1594.3700 1.9000 16.5800
v 1594.3700 2.2000 16.4200
v 1594.6300 2.2000 16.4200
v 1594.6300 2.2000 16.5800
v 1594.3700 2.2000 16.5800
v 1594.3300 2.2100 16.3900
v 1594.6700 2.2100 16.3900
v 1594.6700 2.2100 16.6100
v 1594.3300 2.2100 16.6100
v 1594.3300 2.2700 16.3900
v 1594.6700 2.2700 16.3900
v 1594.6700 2.2700 16.6100
v 1594.3300 2.2700 16.6100
v 1605.3700 1.9000 16.4200
v 1605.6300 1.9000 16.4200
v 1605.6300 1.9000 16.5800
v 1605.3700 1.9000 16.5800
v 1605.3700 2.2000 16.4200
v 1605.6300 2.2000 16.4200
v 1605.6300 2.2000 16.5800
v 1605.3700 2.2000 16.5800
v 1605.3300 2.2100 16.3900
v 1605.6700 2.2100 16.3900
v 1605.6700 2.2100 16.6100
v 1605.3300 2.2100 16.6100
v 1605.3300 2.2700 16.3900
v 1605.6700 2.2700 16.3900
v 1605.6700 2.2700 16.6100
v 1605.3300 2.2700 16.6100
v 1616.3700 1.9000 16.4200
v 1616.6300 1.9000 16.4200
v 1616.6300 1.9000 16.5800
v 1616.3700 1.9000 16.5800
v 1616.3700 2.2000 16.4200
v 1616.6300 2.2000 16.4200
v 1616.6300 2.2000 16.5800
v 1616.3700 2.2000 16.5800
v 1616.3300 2.2100 16.3900
v 1616.6700 2.2100 16.3900
v 1616.6700 2.2100 16.6100
v 1616.3300 2.2100 16.6100
v 1616.3300 2.2700 16.3900
v 1616.6700 2.2700 16.3900
v 1616.6700 2.2700 16.6100
v 1616.3300 2.2700 16.6100
v 1594.3700 1.9000 21.9200
v 1594.6300 1.9000 21.9200
v 1594.6300 1.9000 22.0800
v 1594.3700 1.9000 22.0800
v 1594.3700 2.2000 21.9200
v 1594.6300 2.2000 21.9200
v 1594.6300 2.2000 22.0800
v 1594.3700 2.2000 22.0800
v 1594.3300 2.2100 21.8900
v 1594.6700 2.2100 21.8900
v 1594.6700 2.2100 22.1100
v 1594.3300 2.2100 22.1100
v 1594.3300 2.2700 21.8900
v 1594.6700 2.2700 21.8900
v 1594.6700 2.2700 22.1100
v 1594.3300 2.2700 22.1100
v 1599.8700 1.9000 21.9200
v 1600.1300 1.9000 21.9200
v 1600.1300 1.9000 22.0800
v 1599.8700 1.9000 22.0800
v 1599.8700 2.2000 21.9200
v 1600.1300 2.2000 21.9200
v 1600.1300 2.2000 22.0800
v 1599.8700 2.2000 22.0800
v 1599.8300 2.2100 21.8900
v 1600.1700 2.2100 21.8900
v 1600.1700 2.2100 22.1100
v 1599.8300 2.2100 22.1100
v 1599.8300 2.2700 21.8900
v 1600.1700 2.2700 21.8900
v 1600.1700 2.2700 22.1100
v 1599.8300 2.2700 22.1100
v 1605.3700 1.9000 21.9200
v 1605.6300 1.9000 21.9200
v 1605.6300 1.9000 22.0800
v 1605.3700 1.9000 22.0800
v 1605.3700 2.2000 21.9200
v 1605.6300 2.2000 21.9200
v 1605.6300 2.2000 22.0800
v 1605.3700 2.2000 22.0800
v 1605.3300 2.2100 21.8900
v 1605.6700 2.2100 21.8900
v 1605.6700 2.2100 22.1100
v 1605.3300 2.2100 22.1100
v 1605.3300 2.2700 21.8900
v 1605.6700 2.2700 21.8900
v 1605.6700 2.2700 22.1100
v 1605.3300 2.2700 22.1100
v 1610.8700 1.9000 21.9200
v 1611.1300 1.9000 21.9200
v 1611.1300 1.9000 22.0800
v 1610.8700 1.9000 22.0800
v 1610.8700 2.2000 21.9200
v 1611.1300 2.2000 21.9200
v 1611.1300 2.2000 22.0800
v 1610.8700 2.2000 22.0800
v 1610.8300 2.2100 21.8900
v 1611.1700 2.2100 21.8900
v 1611.1700 2.2100 22.1100
v 1610.8300 2.2100 22.1100
v 1610.8300 2.2700 21.8900
v 1611.1700 2.2700 21.8900
v 1611.1700 2.2700 22.1100
v 1610.8300 2.2700 22.1100
v 1621.8700 1.9000 21.9200
v 1622.1300 1.9000 21.9200
v 1622.1300 1.9000 22.0800
v 1621.8700 1.9000 22.0800
v 1621.8700 2.2000 21.9200
v 1622.1300 2.2000 21.9200
v 1622.1300 2.2000 22.0800
v 1621.8700 2.2000 22.0800
v 1621.8300 2.2100 21.8900
v 1622.1700 2.2100 21.8900
v 1622.1700 2.2100 22.1100
v 1621.8300 2.2100 22.1100
v 1621.8300 2.2700 21.8900
v 1622.1700 2.2700 21.8900
v 1622.1700 2.2700 22.1100
v 1621.8300 2.2700 22.1100
v 1613.2750 0.0050 -9.8300
v 1614.2250 0.0050 -9.8300
v 1614.2250 0.0050 -9.7700
v 1613.2750 0.0050 -9.7700
v 1613.2750 2.0550 -9.8300
v 1614.2250 2.0550 -9.8300
v 1614.2250 2.0550 -9.7700
v 1613.2750 2.0550 -9.7700
v 1614.2420 0.9450 -9.8750
v 1614.3120 0.9450 -9.8750
v 1614.3120 0.9450 -9.8050
v 1614.2420 0.9450 -9.8050
v 1614.2420 1.0150 -9.8750
v 1614.3120 1.0150 -9.8750
v 1614.3120 1.0150 -9.8050
v 1614.2420 1.0150 -9.8050
v 1617.6700 0.0050 -8.7250
v 1617.7300 0.0050 -8.7250
v 1617.7300 0.0050 -7.7750
v 1617.6700 0.0050 -7.7750
v 1617.6700 2.0550 -8.7250
v 1617.7300 2.0550 -8.7250
v 1617.7300 2.0550 -7.7750
v 1617.6700 2.0550 -7.7750
v 1617.6250 0.9450 -8.8120
v 1617.6950 0.9450 -8.8120
v 1617.6950 0.9450 -8.7420
v 1617.6250 0.9450 -8.7420
v 1617.6250 1.0150 -8.8120
v 1617.6950 1.0150 -8.8120
v 1617.6950 1.0150 -8.7420
v 1617.6250 1.0150 -8.7420
v 1590.1700 0.0050 -3.2250
v 1590.2300 0.0050 -3.2250
v 1590.2300 0.0050 -2.2750
v 1590.1700 0.0050 -2.2750
v 1590.1700 2.0550 -3.2250
v 1590.2300 2.0550 -3.2250
v 1590.2300 2.0550 -2.2750
v 1590.1700 2.0550 -2.2750
v 1590.1250 0.9450 -3.3120
v 1590.1950 0.9450 -3.3120
v 1590.1950 0.9450 -3.2420
v 1590.1250 0.9450 -3.2420
v 1590.1250 1.0150 -3.3120
v 1590.1950 1.0150 -3.3120
v 1590.1950 1.0150 -3.2420
v 1590.1250 1.0150 -3.2420
v 1596.7750 0.0050 -4.3300
v 1597.7250 0.0050 -4.3300
v 1597.7250 0.0050 -4.2700
v 1596.7750 0.0050 -4.2700
v 1596.7750 2.0550 -4.3300
v 1597.7250 2.0550 -4.3300
v 1597.7250 2.0550 -4.2700
v 1596.7750 2.0550 -4.2700
v 1597.7420 0.9450 -4.3750
v 1597.8120 0.9450 -4.3750
v 1597.8120 0.9450 -4.3050
v 1597.7420 0.9450 -4.3050
v 1597.7420 1.0150 -4.3750
v 1597.8120 1.0150 -4.3750
v 1597.8120 1.0150 -4.3050
v 1597.7420 1.0150 -4.3050
v 1607.7750 0.0050 -4.3300
v 1608.7250 0.0050 -4.3300
v 1608.7250 0.0050 -4.2700
v 1607.7750 0.0050 -4.2700
v 1607.7750 2.0550 -4.3300
v 1608.7250 2.0550 -4.3300
v 1608.7250 2.0550 -4.2700
v 1607.7750 2.0550 -4.2700
v 1608.7420 0.9450 -4.3750
v 1608.8120 0.9450 -4.3750
v 1608.8120 0.9450 -4.3050
v 1608.7420 0.9450 -4.3050
v 1608.7420 1.0150 -4.3750
v 1608.8120 1.0150 -4.3750
v 1608.8120 1.0150 -4.3050
v 1608.7420 1.0150 -4.3050
v 1615.2700 0.0050 -3.2250
v 1615.3300 0.0050 -3.2250
v 1615.3300 0.0050 -2.2750
v 1615.2700 0.0050 -2.2750
v 1615.2700 2.0550 -3.2250
v 1615.3300 2.0550 -3.2250
v 1615.3300 2.0550 -2.2750
v 1615.2700 2.0550 -2.2750
v 1615.3050 0.9450 -2.2580
v 1615.3750 0.9450 -2.2580
v 1615.3750 0.9450 -2.1880
v 1615.3050 0.9450 -2.1880
v 1615.3050 1.0150 -2.2580
v 1615.3750 1.0150 -2.2580
v 1615.3750 1.0150 -2.1880
v 1615.3050 1.0150 -2.1880
v 1621.5250 0.0050 -1.2300
v 1622.4750 0.0050 -1.2300
v 1622.4750 0.0050 -1.1700
v 1621.5250 0.0050 -1.1700
v 1621.5250 2.0550 -1.2300
v 1622.4750 2.0550 -1.2300
v 1622.4750 2.0550 -1.1700
v 1621.5250 2.0550 -1.1700
v 1621.4380 0.9450 -1.1950
v 1621.5080 0.9450 -1.1950
v 1621.5080 0.9450 -1.1250
v 1621.4380 0.9450 -1.1250
v 1621.4380 1.0150 -1.1950
v 1621.5080 1.0150 -1.1950
v 1621.5080 1.0150 -1.1250
v 1621.4380 1.0150 -1.1250
v 1613.2750 0.0050 1.1700
v 1614.2250 0.0050 1.1700
v 1614.2250 0.0050 1.2300
v 1613.2750 0.0050 1.2300
v 1613.2750 2.0550 1.1700
v 1614.2250 2.0550 1.1700
v 1614.2250 2.0550 1.2300
v 1613.2750 2.0550 1.2300
v 1614.2420 0.9450 1.1250
v 1614.3120 0.9450 1.1250
v 1614.3120 0.9450 1.1950
v 1614.2420 0.9450 1.1950
v 1614.2420 1.0150 1.1250
v 1614.3120 1.0150 1.1250
v 1614.3120 1.0150 1.1950
v 1614.2420 1.0150 1.1950
v 1621.5250 0.0050 4.2700
v 1622.4750 0.0050 4.2700
v 1622.4750 0.0050 4.3300
v 1621.5250 0.0050 4.3300
v 1621.5250 2.0550 4.2700
v 1622.4750 2.0550 4.2700
v 1622.4750 2.0550 4.3300
v 1621.5250 2.0550 4.3300
v 1621.4380 0.9450 4.3050
v 1621.5080 0.9450 4.3050
v 1621.5080 0.9450 4.3750
v 1621.4380 0.9450 4.3750
v 1621.4380 1.0150 4.3050
v 1621.5080 1.0150 4.3050
v 1621.5080 1.0150 4.3750
v 1621.4380 1.0150 4.3750
v 1590.1700 0.0050 5.0250
v 1590.2300 0.0050 5.0250
v 1590.2300 0.0050 5.9750
v 1590.1700 0.0050 5.9750
v 1590.1700 2.0550 5.0250
v 1590.2300 2.0550 5.0250
v 1590.2300 2.0550 5.9750
v 1590.1700 2.0550 5.9750
v 1590.1250 0.9450 4.9380
v 1590.1950 0.9450 4.9380
v 1590.1950 0.9450 5.0080
v 1590.1250 0.9450 5.0080
v 1590.1250 1.0150 4.9380
v 1590.1950 1.0150 4.9380
v 1590.1950 1.0150 5.0080
v 1590.1250 1.0150 5.0080
v 1615.2700 0.0050 5.0250
v 1615.3300 0.0050 5.0250
v 1615.3300 0.0050 5.9750
v 1615.2700 0.0050 5.9750
v 1615.2700 2.0550 5.0250
v 1615.3300 2.0550 5.0250
v 1615.3300 2.0550 5.9750
v 1615.2700 2.0550 5.9750
v 1615.3050 0.9450 5.9920
v 1615.3750 0.9450 5.9920
v 1615.3750 0.9450 6.0620
v 1615.3050 0.9450 6.0620
v 1615.3050 1.0150 5.9920
v 1615.3750 1.0150 5.9920
v 1615.3750 1.0150 6.0620
v 1615.3050 1.0150 6.0620
v 1596.7750 0.0050 6.6700
v 1597.7250 0.0050 6.6700
v 1597.7250 0.0050 6.7300
v 1596.7750 0.0050 6.7300
v 1596.7750 2.0550 6.6700
v 1597.7250 2.0550 6.6700
v 1597.7250 2.0550 6.7300
v 1596.7750 2.0550 6.7300
v 1597.7420 0.9450 6.6250
v 1597.8120 0.9450 6.6250
v 1597.8120 0.9450 6.6950
v 1597.7420 0.9450 6.6950
v 1597.7420 1.0150 6.6250
v 1597.8120 1.0150 6.6250
v 1597.8120 1.0150 6.6950
v 1597.7420 1.0150 6.6950
v 1607.7750 0.0050 6.6700
v 1608.7250 0.0050 6.6700
v 1608.7250 0.0050 6.7300
v 1607.7750 0.0050 6.7300
v 1607.7750 2.0550 6.6700
v 1608.7250 2.0550 6.6700
v 1608.7250 2.0550 6.7300
v 1607.7750 2.0550 6.7300
v 1608.7420 0.9450 6.6250
v 1608.8120 0.9450 6.6250
v 1608.8120 0.9450 6.6950
v 1608.7420 0.9450 6.6950
v 1608.7420 1.0150 6.6250
v 1608.8120 1.0150 6.6250
v 1608.8120 1.0150 6.6950
v 1608.7420 1.0150 6.6950
v 1610.5250 0.0050 9.7700
v 1611.4750 0.0050 9.7700
v 1611.4750 0.0050 9.8300
v 1610.5250 0.0050 9.8300
v 1610.5250 2.0550 9.7700
v 1611.4750 2.0550 9.7700
v 1611.4750 2.0550 9.8300
v 1610.5250 2.0550 9.8300
v 1610.4380 0.9450 9.8050
v 1610.5080 0.9450 9.8050
v 1610.5080 0.9450 9.8750
v 1610.4380 0.9450 9.8750
v 1610.4380 1.0150 9.8050
v 1610.5080 1.0150 9.8050
v 1610.5080 1.0150 9.8750
v 1610.4380 1.0150 9.8750
v 1613.2750 0.0050 9.7700
v 1614.2250 0.0050 9.7700
v 1614.2250 0.0050 9.8300
v 1613.2750 0.0050 9.8300
v 1613.2750 2.0550 9.7700
v 1614.2250 2.0550 9.7700
v 1614.2250 2.0550 9.8300
v 1613.2750 2.0550 9.8300
v 1613.1880 0.9450 9.8050
v 1613.2580 0.9450 9.8050
v 1613.2580 0.9450 9.8750
v 1613.1880 0.9450 9.8750
v 1613.1880 1.0150 9.8050
v 1613.2580 1.0150 9.8050
v 1613.2580 1.0150 9.8750
v 1613.1880 1.0150 9.8750
v 1595.6700 0.0050 10.5250
v 1595.7300 0.0050 10.5250
v 1595.7300 0.0050 11.4750
v 1595.6700 0.0050 11.4750
v 1595.6700 2.0550 10.5250
v 1595.7300 2.0550 10.5250
v 1595.7300 2.0550 11.4750
v 1595.6700 2.0550 11.4750
v 1595.6250 0.9450 10.4380
v 1595.6950 0.9450 10.4380
v 1595.6950 0.9450 10.5080
v 1595.6250 0.9450 10.5080
v 1595.6250 1.0150 10.4380
v 1595.6950 1.0150 10.4380
v 1595.6950 1.0150 10.5080
v 1595.6250 1.0150 10.5080
v 1604.2700 0.0050 10.5250
v 1604.3300 0.0050 10.5250
v 1604.3300 0.0050 11.4750
v 1604.2700 0.0050 11.4750
v 1604.2700 2.0550 10.5250
v 1604.3300 2.0550 10.5250
v 1604.3300 2.0550 11.4750
v 1604.2700 2.0550 11.4750
v 1604.3050 0.9450 11.4920
v 1604.3750 0.9450 11.4920
v 1604.3750 0.9450 11.5620
v 1604.3050 0.9450 11.5620
v 1604.3050 1.0150 11.4920
v 1604.3750 1.0150 11.4920
v 1604.3750 1.0150 11.5620
v 1604.3050 1.0150 11.5620
v 1596.7750 0.0050 15.2700
v 1597.7250 0.0050 15.2700
v 1597.7250 0.0050 15.3300
v 1596.7750 0.0050 15.3300
v 1596.7750 2.0550 15.2700
v 1597.7250 2.0550 15.2700
v 1597.7250 2.0550 15.3300
v 1596.7750 2.0550 15.3300
v 1596.6880 0.9450 15.3050
v 1596.7580 0.9450 15.3050
v 1596.7580 0.9450 15.3750
v 1596.6880 0.9450 15.3750
v 1596.6880 1.0150 15.3050
v 1596.7580 1.0150 15.3050
v 1596.7580 1.0150 15.3750
v 1596.6880 1.0150 15.3750
v 1596.7750 0.0050 17.6700
v 1597.7250 0.0050 17.6700
v 1597.7250 0.0050 17.7300
v 1596.7750 0.0050 17.7300
v 1596.7750 2.0550 17.6700
v 1597.7250 2.0550 17.6700
v 1597.7250 2.0550 17.7300
v 1596.7750 2.0550 17.7300
v 1597.7420 0.9450 17.6250
v 1597.8120 0.9450 17.6250
v 1597.8120 0.9450 17.6950
v 1597.7420 0.9450 17.6950
v 1597.7420 1.0150 17.6250
v 1597.8120 1.0150 17.6250
v 1597.8120 1.0150 17.6950
v 1597.7420 1.0150 17.6950
v 1602.2750 0.0050 20.7700
v 1603.2250 0.0050 20.7700
v 1603.2250 0.0050 20.8300
v 1602.2750 0.0050 20.8300
v 1602.2750 2.0550 20.7700
v 1603.2250 2.0550 20.7700
v 1603.2250 2.0550 20.8300
v 1602.2750 2.0550 20.8300
v 1602.1880 0.9450 20.8050
v 1602.2580 0.9450 20.8050
v 1602.2580 0.9450 20.8750
v 1602.1880 0.9450 20.8750
v 1602.1880 1.0150 20.8050
v 1602.2580 1.0150 20.8050
v 1602.2580 1.0150 20.8750
v 1602.1880 1.0150 20.8750
v 1605.0250 0.0050 17.6700
v 1605.9750 0.0050 17.6700
v 1605.9750 0.0050 17.7300
v 1605.0250 0.0050 17.7300
v 1605.0250 2.0550 17.6700
v 1605.9750 2.0550 17.6700
v 1605.9750 2.0550 17.7300
v 1605.0250 2.0550 17.7300
v 1605.9920 0.9450 17.6250
v 1606.0620 0.9450 17.6250
v 1606.0620 0.9450 17.6950
v 1605.9920 0.9450 17.6950
v 1605.9920 1.0150 17.6250
v 1606.0620 1.0150 17.6250
v 1606.0620 1.0150 17.6950
v 1605.9920 1.0150 17.6950
v 1617.6700 0.0050 18.7750
v 1617.7300 0.0050 18.7750
v 1617.7300 0.0050 19.7250
v 1617.6700 0.0050 19.7250
v 1617.6700 2.0550 18.7750
v 1617.7300 2.0550 18.7750
v 1617.7300 2.0550 19.7250
v 1617.6700 2.0550 19.7250
v 1617.6250 0.9450 18.6880
v 1617.6950 0.9450 18.6880
v 1617.6950 0.9450 18.7580
v 1617.6250 0.9450 18.7580
v 1617.6250 1.0150 18.6880
v 1617.6950 1.0150 18.6880
v 1617.6950 1.0150 18.7580
v 1617.6250 1.0150 18.7580
v 1598.7700 0.0050 21.5250
v 1598.8300 0.0050 21.5250
v 1598.8300 0.0050 22.4750
v 1598.7700 0.0050 22.4750
v 1598.7700 2.0550 21.5250
v 1598.8300 2.0550 21.5250
v 1598.8300 2.0550 22.4750
v 1598.7700 2.0550 22.4750
v 1598.8050 0.9450 22.4920
v 1598.8750 0.9450 22.4920
v 1598.8750 0.9450 22.5620
v 1598.8050 0.9450 22.5620
v 1598.8050 1.0150 22.4920
v 1598.8750 1.0150 22.4920
v 1598.8750 1.0150 22.5620
v 1598.8050 1.0150 22.5620
vt 995.5938 -6.1250
vt 995.5938 -4.1875
vt 997.5312 -4.1875
vt 997.5312 -6.1250
vt 995.5938 -6.1250
vt 997.5312 -6.1250
vt 997.5312 -4.1875
vt 995.5938 -4.1875
vt 995.5938 0.0000
vt 997.5312 0.0000
vt 997.5312 2.1250
vt 995.5938 2.1250
vt 997.5312 0.0000
vt 995.5938 0.0000
vt 995.5938 2.1250
vt 997.5312 2.1250
vt -6.1250 0.0000
vt -4.1875 0.0000
vt -4.1875 2.1250
vt -6.1250 2.1250
vt -4.1875 0.0000
vt -6.1250 0.0000
vt -6.1250 2.1250
vt -4.1875 2.1250
vt 997.3125 -6.1250
vt 997.3125 -4.1875
vt 999.2500 -4.1875
vt 999.2500 -6.1250
vt 997.3125 -6.1250
vt 999.2500 -6.1250
vt 999.2500 -4.1875
vt 997.3125 -4.1875
vt 997.3125 0.0000
vt 999.2500 0.0000
vt 999.2500 2.1250
vt 997.3125 2.1250
vt 999.2500 0.0000
vt 997.3125 0.0000
vt 997.3125 2.1250
vt 999.2500 2.1250
vt -6.1250 0.0000
vt -4.1875 0.0000
vt -4.1875 2.1250
vt -6.1250 2.1250
vt -4.1875 0.0000
vt -6.1250 0.0000
vt -6.1250 2.1250
vt -4.1875 2.1250
vt 1000.7500 -6.1250
vt 1000.7500 -4.1875
vt 1002.6875 -4.1875
vt 1002.6875 -6.1250
vt 1000.7500 -6.1250
vt 1002.6875 -6.1250
vt 1002.6875 -4.1875
vt 1000.7500 -4.1875
vt 1000.7500 0.0000
vt 1002.6875 0.0000
vt 1002.6875 2.1250
vt 1000.7500 2.1250
vt 1002.6875 0.0000
vt 1000.7500 0.0000
vt 1000.7500 2.1250
vt 1002.6875 2.1250
vt -6.1250 0.0000
vt -4.1875 0.0000
vt -4.1875 2.1250
vt -6.1250 2.1250
vt -4.1875 0.0000
vt -6.1250 0.0000
vt -6.1250 2.1250
vt -4.1875 2.1250
vt 1004.1875 -6.1250
vt 1004.1875 -4.1875
vt 1006.1250 -4.1875
vt 1006.1250 -6.1250
vt 1004.1875 -6.1250
vt 1006.1250 -6.1250
vt 1006.1250 -4.1875
vt 1004.1875 -4.1875
vt 1004.1875 0.0000
vt 1006.1250 0.0000
vt 1006.1250 2.1250
vt 1004.1875 2.1250
vt 1006.1250 0.0000
vt 1004.1875 0.0000
vt 1004.1875 2.1250
vt 1006.1250 2.1250
vt -6.1250 0.0000
vt -4.1875 0.0000
vt -4.1875 2.1250
vt -6.1250 2.1250
vt -4.1875 0.0000
vt -6.1250 0.0000
vt -6.1250 2.1250
vt -4.1875 2.1250
vt 1005.9062 -6.1250
vt 1005.9062 -4.1875
vt 1007.8437 -4.1875
vt 1007.8437 -6.1250
vt 1005.9062 -6.1250
vt 1007.8437 -6.1250
vt 1007.8437 -4.1875
vt 1005.9062 -4.1875
vt 1005.9062 0.0000
vt 1007.8437 0.0000
vt 1007.8437 2.1250
vt 1005.9062 2.1250
vt 1007.8437 0.0000
vt 1005.9062 0.0000
vt 1005.9062 2.1250
vt 1007.8437 2.1250
vt -6.1250 0.0000
vt -4.1875 0.0000
vt -4.1875 2.1250
vt -6.1250 2.1250
vt -4.1875 0.0000
vt -6.1250 0.0000
vt -6.1250 2.1250
vt -4.1875 2.1250
vt 1007.6250 -6.1250
vt 1007.6250 -4.1875
vt 1009.5625 -4.1875
vt 1009.5625 -6.1250
vt 1007.6250 -6.1250
vt 1009.5625 -6.1250
vt 1009.5625 -4.1875
vt 1007.6250 -4.1875
vt 1007.6250 0.0000
vt 1009.5625 0.0000
vt 1009.5625 2.1250
vt 1007.6250 2.1250
vt 1009.5625 0.0000
vt 1007.6250 0.0000
vt 1007.6250 2.1250
vt 1009.5625 2.1250
vt -6.1250 0.0000
vt -4.1875 0.0000
vt -4.1875 2.1250
vt -6.1250 2.1250
vt -4.1875 0.0000
vt -6.1250 0.0000
vt -6.1250 2.1250
vt -4.1875 2.1250
vt 1011.0625 -6.1250
vt 1011.0625 -4.1875
vt 1013.0000 -4.1875
vt 1013.0000 -6.1250
vt 1011.0625 -6.1250
vt 1013.0000 -6.1250
vt 1013.0000 -4.1875
vt 1011.0625 -4.1875
vt 1011.0625 0.0000
vt 1013.0000 0.0000
vt 1013.0000 2.1250
vt 1011.0625 2.1250
vt 1013.0000 0.0000
vt 1011.0625 0.0000
vt 1011.0625 2.1250
vt 1013.0000 2.1250
vt -6.1250 0.0000
vt -4.1875 0.0000
vt -4.1875 2.1250
vt -6.1250 2.1250
vt -4.1875 0.0000
vt -6.1250 0.0000
vt -6.1250 2.1250
vt -4.1875 2.1250
vt 1007.6250 -4.4062
vt 1007.6250 -2.4688
vt 1009.5625 -2.4688
vt 1009.5625 -4.4062
vt 1007.6250 -4.4062
vt 1009.5625 -4.4062
vt 1009.5625 -2.4688
vt 1007.6250 -2.4688
vt 1007.6250 0.0000
vt 1009.5625 0.0000
vt 1009.5625 2.1250
vt 1007.6250 2.1250
vt 1009.5625 0.0000
vt 1007.6250 0.0000
vt 1007.6250 2.1250
vt 1009.5625 2.1250
vt -4.4062 0.0000
vt -2.4688 0.0000
vt -2.4688 2.1250
vt -4.4062 2.1250
vt -2.4688 0.0000
vt -4.4062 0.0000
vt -4.4062 2.1250
vt -2.4688 2.1250
vt 1011.0625 -4.4062
vt 1011.0625 -2.4688
vt 1013.0000 -2.4688
vt 1013.0000 -4.4062
vt 1011.0625 -4.4062
vt 1013.0000 -4.4062
vt 1013.0000 -2.4688
vt 1011.0625 -2.4688
vt 1011.0625 0.0000
vt 1013.0000 0.0000
vt 1013.0000 2.1250
vt 1011.0625 2.1250
vt 1013.0000 0.0000
vt 1011.0625 0.0000
vt 1011.0625 2.1250
vt 1013.0000 2.1250
vt -4.4062 0.0000
vt -2.4688 0.0000
vt -2.4688 2.1250
vt -4.4062 2.1250
vt -2.4688 0.0000
vt -4.4062 0.0000
vt -4.4062 2.1250
vt -2.4688 2.1250
vt 993.8750 -2.6875
vt 993.8750 -0.7500
vt 995.8125 -0.7500
vt 995.8125 -2.6875
vt 993.8750 -2.6875
vt 995.8125 -2.6875
vt 995.8125 -0.7500
vt 993.8750 -0.7500
vt 993.8750 0.0000
vt 995.8125 0.0000
vt 995.8125 2.1250
vt 993.8750 2.1250
vt 995.8125 0.0000
vt 993.8750 0.0000
vt 993.8750 2.1250
vt 995.8125 2.1250
vt -2.6875 0.0000
vt -0.7500 0.0000
vt -0.7500 2.1250
vt -2.6875 2.1250
vt -0.7500 0.0000
vt -2.6875 0.0000
vt -2.6875 2.1250
vt -0.7500 2.1250
vt 997.3125 -2.6875
vt 997.3125 -0.7500
vt 999.2500 -0.7500
vt 999.2500 -2.6875
vt 997.3125 -2.6875
vt 999.2500 -2.6875
vt 999.2500 -0.7500
vt 997.3125 -0.7500
vt 997.3125 0.0000
vt 999.2500 0.0000
vt 999.2500 2.1250
vt 997.3125 2.1250
vt 999.2500 0.0000
vt 997.3125 0.0000
vt 997.3125 2.1250
vt 999.2500 2.1250
vt -2.6875 0.0000
vt -0.7500 0.0000
vt -0.7500 2.1250
vt -2.6875 2.1250
vt -0.7500 0.0000
vt -2.6875 0.0000
vt -2.6875 2.1250
vt -0.7500 2.1250
vt 1002.4688 -2.6875
vt 1002.4688 -0.7500
vt 1004.4062 -0.7500
vt 1004.4062 -2.6875
vt 1002.4688 -2.6875
vt 1004.4062 -2.6875
vt 1004.4062 -0.7500
vt 1002.4688 -0.7500
vt 1002.4688 0.0000
vt 1004.4062 0.0000
vt 1004.4062 2.1250
vt 1002.4688 2.1250
vt 1004.4062 0.0000
vt 1002.4688 0.0000
vt 1002.4688 2.1250
vt 1004.4062 2.1250
vt -2.6875 0.0000
vt -0.7500 0.0000
vt -0.7500 2.1250
vt -2.6875 2.1250
vt -0.7500 0.0000
vt -2.6875 0.0000
vt -2.6875 2.1250
vt -0.7500 2.1250
vt 1004.1875 -2.6875
vt 1004.1875 -0.7500
vt 1006.1250 -0.7500
vt 1006.1250 -2.6875
vt 1004.1875 -2.6875
vt 1006.1250 -2.6875
vt 1006.1250 -0.7500
vt 1004.1875 -0.7500
vt 1004.1875 0.0000
vt 1006.1250 0.0000
vt 1006.1250 2.1250
vt 1004.1875 2.1250
vt 1006.1250 0.0000
vt 1004.1875 0.0000
vt 1004.1875 2.1250
vt 1006.1250 2.1250
vt -2.6875 0.0000
vt -0.7500 0.0000
vt -0.7500 2.1250
vt -2.6875 2.1250
vt -0.7500 0.0000
vt -2.6875 0.0000
vt -2.6875 2.1250
vt -0.7500 2.1250
vt 1012.7812 -2.6875
vt 1012.7812 -0.7500
vt 1014.7187 -0.7500
vt 1014.7187 -2.6875
vt 1012.7812 -2.6875
vt 1014.7187 -2.6875
vt 1014.7187 -0.7500
vt 1012.7812 -0.7500
vt 1012.7812 0.0000
vt 1014.7187 0.0000
vt 1014.7187 2.1250
vt 1012.7812 2.1250
vt 1014.7187 0.0000
vt 1012.7812 0.0000
vt 1012.7812 2.1250
vt 1014.7187 2.1250
vt -2.6875 0.0000
vt -0.7500 0.0000
vt -0.7500 2.1250
vt -2.6875 2.1250
vt -0.7500 0.0000
vt -2.6875 0.0000
vt -2.6875 2.1250
vt -0.7500 2.1250
vt 997.3125 -0.9688
vt 997.3125 0.9688
vt 999.2500 0.9688
vt 999.2500 -0.9688
vt 997.3125 -0.9688
vt 999.2500 -0.9688
vt 999.2500 0.9688
vt 997.3125 0.9688
vt 997.3125 0.0000
vt 999.2500 0.0000
vt 999.2500 2.1250
vt 997.3125 2.1250
vt 999.2500 0.0000
vt 997.3125 0.0000
vt 997.3125 2.1250
vt 999.2500 2.1250
vt -0.9688 0.0000
vt 0.9688 0.0000
vt 0.9688 2.1250
vt -0.9688 2.1250
vt 0.9688 0.0000
vt -0.9688 0.0000
vt -0.9688 2.1250
vt 0.9688 2.1250
vt 1000.7500 -0.9688
vt 1000.7500 0.9688
vt 1002.6875 0.9688
vt 1002.6875 -0.9688
vt 1000.7500 -0.9688
vt 1002.6875 -0.9688
vt 1002.6875 0.9688
vt 1000.7500 0.9688
vt 1000.7500 0.0000
vt 1002.6875 0.0000
vt 1002.6875 2.1250
vt 1000.7500 2.1250
vt 1002.6875 0.0000
vt 1000.7500 0.0000
vt 1000.7500 2.1250
vt 1002.6875 2.1250
vt -0.9688 0.0000
vt 0.9688 0.0000
vt 0.9688 2.1250
vt -0.9688 2.1250
vt 0.9688 0.0000
vt -0.9688 0.0000
vt -0.9688 2.1250
vt 0.9688 2.1250
vt 993.8750 0.7500
vt 993.8750 2.6875
vt 995.8125 2.6875
vt 995.8125 0.7500
vt 993.8750 0.7500
vt 995.8125 0.7500
vt 995.8125 2.6875
vt 993.8750 2.6875
vt 993.8750 0.0000
vt 995.8125 0.0000
vt 995.8125 2.1250
vt 993.8750 2.1250
vt 995.8125 0.0000
vt 993.8750 0.0000
vt 993.8750 2.1250
vt 995.8125 2.1250
vt 0.7500 0.0000
vt 2.6875 0.0000
vt 2.6875 2.1250
vt 0.7500 2.1250
vt 2.6875 0.0000
vt 0.7500 0.0000
vt 0.7500 2.1250
vt 2.6875 2.1250
vt 997.3125 0.7500
vt 997.3125 2.6875
vt 999.2500 2.6875
vt 999.2500 0.7500
vt 997.3125 0.7500
vt 999.2500 0.7500
vt 999.2500 2.6875
vt 997.3125 2.6875
vt 997.3125 0.0000
vt 999.2500 0.0000
vt 999.2500 2.1250
vt 997.3125 2.1250
vt 999.2500 0.0000
vt 997.3125 0.0000
vt 997.3125 2.1250
vt 999.2500 2.1250
vt 0.7500 0.0000
vt 2.6875 0.0000
vt 2.6875 2.1250
vt 0.7500 2.1250
vt 2.6875 0.0000
vt 0.7500 0.0000
vt 0.7500 2.1250
vt 2.6875 2.1250
vt 1004.1875 0.7500
vt 1004.1875 2.6875
vt 1006.1250 2.6875
vt 1006.1250 0.7500
vt 1004.1875 0.7500
vt 1006.1250 0.7500
vt 1006.1250 2.6875
vt 1004.1875 2.6875
vt 1004.1875 0.0000
vt 1006.1250 0.0000
vt 1006.1250 2.1250
vt 1004.1875 2.1250
vt 1006.1250 0.0000
vt 1004.1875 0.0000
vt 1004.1875 2.1250
vt 1006.1250 2.1250
vt 0.7500 0.0000
vt 2.6875 0.0000
vt 2.6875 2.1250
vt 0.7500 2.1250
vt 2.6875 0.0000
vt 0.7500 0.0000
vt 0.7500 2.1250
vt 2.6875 2.1250
vt 1007.6250 0.7500
vt 1007.6250 2.6875
vt 1009.5625 2.6875
vt 1009.5625 0.7500
vt 1007.6250 0.7500
vt 1009.5625 0.7500
vt 1009.5625 2.6875
vt 1007.6250 2.6875
vt 1007.6250 0.0000
vt 1009.5625 0.0000
vt 1009.5625 2.1250
vt 1007.6250 2.1250
vt 1009.5625 0.0000
vt 1007.6250 0.0000
vt 1007.6250 2.1250
vt 1009.5625 2.1250
vt 0.7500 0.0000
vt 2.6875 0.0000
vt 2.6875 2.1250
vt 0.7500 2.1250
vt 2.6875 0.0000
vt 0.7500 0.0000
vt 0.7500 2.1250
vt 2.6875 2.1250
vt 1011.0625 0.7500
vt 1011.0625 2.6875
vt 1013.0000 2.6875
vt 1013.0000 0.7500
vt 1011.0625 0.7500
vt 1013.0000 0.7500
vt 1013.0000 2.6875
vt 1011.0625 2.6875
vt 1011.0625 0.0000
vt 1013.0000 0.0000
vt 1013.0000 2.1250
vt 1011.0625 2.1250
vt 1013.0000 0.0000
vt 1011.0625 0.0000
vt 1011.0625 2.1250
vt 1013.0000 2.1250
vt 0.7500 0.0000
vt 2.6875 0.0000
vt 2.6875 2.1250
vt 0.7500 2.1250
vt 2.6875 0.0000
vt 0.7500 0.0000
vt 0.7500 2.1250
vt 2.6875 2.1250
vt 993.8750 2.4688
vt 993.8750 4.4062
vt 995.8125 4.4062
vt 995.8125 2.4688
vt 993.8750 2.4688
vt 995.8125 2.4688
vt 995.8125 4.4062
vt 993.8750 4.4062
vt 993.8750 0.0000
vt 995.8125 0.0000
vt 995.8125 2.1250
vt 993.8750 2.1250
vt 995.8125 0.0000
vt 993.8750 0.0000
vt 993.8750 2.1250
vt 995.8125 2.1250
vt 2.4688 0.0000
vt 4.4062 0.0000
vt 4.4062 2.1250
vt 2.4688 2.1250
vt 4.4062 0.0000
vt 2.4688 0.0000
vt 2.4688 2.1250
vt 4.4062 2.1250
vt 1000.7500 2.4688
vt 1000.7500 4.4062
vt 1002.6875 4.4062
vt 1002.6875 2.4688
vt 1000.7500 2.4688
vt 1002.6875 2.4688
vt 1002.6875 4.4062
vt 1000.7500 4.4062
vt 1000.7500 0.0000
vt 1002.6875 0.0000
vt 1002.6875 2.1250
vt 1000.7500 2.1250
vt 1002.6875 0.0000
vt 1000.7500 0.0000
vt 1000.7500 2.1250
vt 1002.6875 2.1250
vt 2.4688 0.0000
vt 4.4062 0.0000
vt 4.4062 2.1250
vt 2.4688 2.1250
vt 4.4062 0.0000
vt 2.4688 0.0000
vt 2.4688 2.1250
vt 4.4062 2.1250
vt 1007.6250 2.4688
vt 1007.6250 4.4062
vt 1009.5625 4.4062
vt 1009.5625 2.4688
vt 1007.6250 2.4688
vt 1009.5625 2.4688
vt 1009.5625 4.4062
vt 1007.6250 4.4062
vt 1007.6250 0.0000
vt 1009.5625 0.0000
vt 1009.5625 2.1250
vt 1007.6250 2.1250
vt 1009.5625 0.0000
vt 1007.6250 0.0000
vt 1007.6250 2.1250
vt 1009.5625 2.1250
vt 2.4688 0.0000
vt 4.4062 0.0000
vt 4.4062 2.1250
vt 2.4688 2.1250
vt 4.4062 0.0000
vt 2.4688 0.0000
vt 2.4688 2.1250
vt 4.4062 2.1250
vt 997.3125 4.1875
vt 997.3125 6.1250
vt 999.2500 6.1250
vt 999.2500 4.1875
vt 997.3125 4.1875
vt 999.2500 4.1875
vt 999.2500 6.1250
vt 997.3125 6.1250
vt 997.3125 0.0000
vt 999.2500 0.0000
vt 999.2500 2.1250
vt 997.3125 2.1250
vt 999.2500 0.0000
vt 997.3125 0.0000
vt 997.3125 2.1250
vt 999.2500 2.1250
vt 4.1875 0.0000
vt 6.1250 0.0000
vt 6.1250 2.1250
vt 4.1875 2.1250
vt 6.1250 0.0000
vt 4.1875 0.0000
vt 4.1875 2.1250
vt 6.1250 2.1250
vt 999.0312 4.1875
vt 999.0312 6.1250
vt 1000.9687 6.1250
vt 1000.9687 4.1875
vt 999.0312 4.1875
vt 1000.9687 4.1875
vt 1000.9687 6.1250
vt 999.0312 6.1250
vt 999.0312 0.0000
vt 1000.9687 0.0000
vt 1000.9687 2.1250
vt 999.0312 2.1250
vt 1000.9687 0.0000
vt 999.0312 0.0000
vt 999.0312 2.1250
vt 1000.9687 2.1250
vt 4.1875 0.0000
vt 6.1250 0.0000
vt 6.1250 2.1250
vt 4.1875 2.1250
vt 6.1250 0.0000
vt 4.1875 0.0000
vt 4.1875 2.1250
vt 6.1250 2.1250
vt 1000.7500 4.1875
vt 1000.7500 6.1250
vt 1002.6875 6.1250
vt 1002.6875 4.1875
vt 1000.7500 4.1875
vt 1002.6875 4.1875
vt 1002.6875 6.1250
vt 1000.7500 6.1250
vt 1000.7500 0.0000
vt 1002.6875 0.0000
vt 1002.6875 2.1250
vt 1000.7500 2.1250
vt 1002.6875 0.0000
vt 1000.7500 0.0000
vt 1000.7500 2.1250
vt 1002.6875 2.1250
vt 4.1875 0.0000
vt 6.1250 0.0000
vt 6.1250 2.1250
vt 4.1875 2.1250
vt 6.1250 0.0000
vt 4.1875 0.0000
vt 4.1875 2.1250
vt 6.1250 2.1250
vt 1004.1875 4.1875
vt 1004.1875 6.1250
vt 1006.1250 6.1250
vt 1006.1250 4.1875
vt 1004.1875 4.1875
vt 1006.1250 4.1875
vt 1006.1250 6.1250
vt 1004.1875 6.1250
vt 1004.1875 0.0000
vt 1006.1250 0.0000
vt 1006.1250 2.1250
vt 1004.1875 2.1250
vt 1006.1250 0.0000
vt 1004.1875 0.0000
vt 1004.1875 2.1250
vt 1006.1250 2.1250
vt 4.1875 0.0000
vt 6.1250 0.0000
vt 6.1250 2.1250
vt 4.1875 2.1250
vt 6.1250 0.0000
vt 4.1875 0.0000
vt 4.1875 2.1250
vt 6.1250 2.1250
vt 1005.9062 4.1875
vt 1005.9062 6.1250
vt 1007.8437 6.1250
vt 1007.8437 4.1875
vt 1005.9062 4.1875
vt 1007.8437 4.1875
vt 1007.8437 6.1250
vt 1005.9062 6.1250
vt 1005.9062 0.0000
vt 1007.8437 0.0000
vt 1007.8437 2.1250
vt 1005.9062 2.1250
vt 1007.8437 0.0000
vt 1005.9062 0.0000
vt 1005.9062 2.1250
vt 1007.8437 2.1250
vt 4.1875 0.0000
vt 6.1250 0.0000
vt 6.1250 2.1250
vt 4.1875 2.1250
vt 6.1250 0.0000
vt 4.1875 0.0000
vt 4.1875 2.1250
vt 6.1250 2.1250
vt 993.8750 5.9062
vt 993.8750 7.8438
vt 995.8125 7.8438
vt 995.8125 5.9062
vt 993.8750 5.9062
vt 995.8125 5.9062
vt 995.8125 7.8438
vt 993.8750 7.8438
vt 993.8750 0.0000
vt 995.8125 0.0000
vt 995.8125 2.1250
vt 993.8750 2.1250
vt 995.8125 0.0000
vt 993.8750 0.0000
vt 993.8750 2.1250
vt 995.8125 2.1250
vt 5.9062 0.0000
vt 7.8438 0.0000
vt 7.8438 2.1250
vt 5.9062 2.1250
vt 7.8438 0.0000
vt 5.9062 0.0000
vt 5.9062 2.1250
vt 7.8438 2.1250
vt 997.3125 5.9062
vt 997.3125 7.8438
vt 999.2500 7.8438
vt 999.2500 5.9062
vt 997.3125 5.9062
vt 999.2500 5.9062
vt 999.2500 7.8438
vt 997.3125 7.8438
vt 997.3125 0.0000
vt 999.2500 0.0000
vt 999.2500 2.1250
vt 997.3125 2.1250
vt 999.2500 0.0000
vt 997.3125 0.0000
vt 997.3125 2.1250
vt 999.2500 2.1250
vt 5.9062 0.0000
vt 7.8438 0.0000
vt 7.8438 2.1250
vt 5.9062 2.1250
vt 7.8438 0.0000
vt 5.9062 0.0000
vt 5.9062 2.1250
vt 7.8438 2.1250
vt 1000.7500 5.9062
vt 1000.7500 7.8438
vt 1002.6875 7.8438
vt 1002.6875 5.9062
vt 1000.7500 5.9062
vt 1002.6875 5.9062
vt 1002.6875 7.8438
vt 1000.7500 7.8438
vt 1000.7500 0.0000
vt 1002.6875 0.0000
vt 1002.6875 2.1250
vt 1000.7500 2.1250
vt 1002.6875 0.0000
vt 1000.7500 0.0000
vt 1000.7500 2.1250
vt 1002.6875 2.1250
vt 5.9062 0.0000
vt 7.8438 0.0000
vt 7.8438 2.1250
vt 5.9062 2.1250
vt 7.8438 0.0000
vt 5.9062 0.0000
vt 5.9062 2.1250
vt 7.8438 2.1250
vt 1004.1875 5.9062
vt 1004.1875 7.8438
vt 1006.1250 7.8438
vt 1006.1250 5.9062
vt 1004.1875 5.9062
vt 1006.1250 5.9062
vt 1006.1250 7.8438
vt 1004.1875 7.8438
vt 1004.1875 0.0000
vt 1006.1250 0.0000
vt 1006.1250 2.1250
vt 1004.1875 2.1250
vt 1006.1250 0.0000
vt 1004.1875 0.0000
vt 1004.1875 2.1250
vt 1006.1250 2.1250
vt 5.9062 0.0000
vt 7.8438 0.0000
vt 7.8438 2.1250
vt 5.9062 2.1250
vt 7.8438 0.0000
vt 5.9062 0.0000
vt 5.9062 2.1250
vt 7.8438 2.1250
vt 993.8750 7.6250
vt 993.8750 9.5625
vt 995.8125 9.5625
vt 995.8125 7.6250
vt 993.8750 7.6250
vt 995.8125 7.6250
vt 995.8125 9.5625
vt 993.8750 9.5625
vt 993.8750 0.0000
vt 995.8125 0.0000
vt 995.8125 2.1250
vt 993.8750 2.1250
vt 995.8125 0.0000
vt 993.8750 0.0000
vt 993.8750 2.1250
vt 995.8125 2.1250
vt 7.6250 0.0000
vt 9.5625 0.0000
vt 9.5625 2.1250
vt 7.6250 2.1250
vt 9.5625 0.0000
vt 7.6250 0.0000
vt 7.6250 2.1250
vt 9.5625 2.1250
vt 1000.7500 7.6250
vt 1000.7500 9.5625
vt 1002.6875 9.5625
vt 1002.6875 7.6250
vt 1000.7500 7.6250
vt 1002.6875 7.6250
vt 1002.6875 9.5625
vt 1000.7500 9.5625
vt 1000.7500 0.0000
vt 1002.6875 0.0000
vt 1002.6875 2.1250
vt 1000.7500 2.1250
vt 1002.6875 0.0000
vt 1000.7500 0.0000
vt 1000.7500 2.1250
vt 1002.6875 2.1250
vt 7.6250 0.0000
vt 9.5625 0.0000
vt 9.5625 2.1250
vt 7.6250 2.1250
vt 9.5625 0.0000
vt 7.6250 0.0000
vt 7.6250 2.1250
vt 9.5625 2.1250
vt 1004.1875 7.6250
vt 1004.1875 9.5625
vt 1006.1250 9.5625
vt 1006.1250 7.6250
vt 1004.1875 7.6250
vt 1006.1250 7.6250
vt 1006.1250 9.5625
vt 1004.1875 9.5625
vt 1004.1875 0.0000
vt 1006.1250 0.0000
vt 1006.1250 2.1250
vt 1004.1875 2.1250
vt 1006.1250 0.0000
vt 1004.1875 0.0000
vt 1004.1875 2.1250
vt 1006.1250 2.1250
vt 7.6250 0.0000
vt 9.5625 0.0000
vt 9.5625 2.1250
vt 7.6250 2.1250
vt 9.5625 0.0000
vt 7.6250 0.0000
vt 7.6250 2.1250
vt 9.5625 2.1250
vt 1005.9062 7.6250
vt 1005.9062 9.5625
vt 1007.8437 9.5625
vt 1007.8437 7.6250
vt 1005.9062 7.6250
vt 1007.8437 7.6250
vt 1007.8437 9.5625
vt 1005.9062 9.5625
vt 1005.9062 0.0000
vt 1007.8437 0.0000
vt 1007.8437 2.1250
vt 1005.9062 2.1250
vt 1007.8437 0.0000
vt 1005.9062 0.0000
vt 1005.9062 2.1250
vt 1007.8437 2.1250
vt 7.6250 0.0000
vt 9.5625 0.0000
vt 9.5625 2.1250
vt 7.6250 2.1250
vt 9.5625 0.0000
vt 7.6250 0.0000
vt 7.6250 2.1250
vt 9.5625 2.1250
vt 1007.6250 7.6250
vt 1007.6250 9.5625
vt 1009.5625 9.5625
vt 1009.5625 7.6250
vt 1007.6250 7.6250
vt 1009.5625 7.6250
vt 1009.5625 9.5625
vt 1007.6250 9.5625
vt 1007.6250 0.0000
vt 1009.5625 0.0000
vt 1009.5625 2.1250
vt 1007.6250 2.1250
vt 1009.5625 0.0000
vt 1007.6250 0.0000
vt 1007.6250 2.1250
vt 1009.5625 2.1250
vt 7.6250 0.0000
vt 9.5625 0.0000
vt 9.5625 2.1250
vt 7.6250 2.1250
vt 9.5625 0.0000
vt 7.6250 0.0000
vt 7.6250 2.1250
vt 9.5625 2.1250
vt 1011.0625 7.6250
vt 1011.0625 9.5625
vt 1013.0000 9.5625
vt 1013.0000 7.6250
vt 1011.0625 7.6250
vt 1013.0000 7.6250
vt 1013.0000 9.5625
vt 1011.0625 9.5625
vt 1011.0625 0.0000
vt 1013.0000 0.0000
vt 1013.0000 2.1250
vt 1011.0625 2.1250
vt 1013.0000 0.0000
vt 1011.0625 0.0000
vt 1011.0625 2.1250
vt 1013.0000 2.1250
vt 7.6250 0.0000
vt 9.5625 0.0000
vt 9.5625 2.1250
vt 7.6250 2.1250
vt 9.5625 0.0000
vt 7.6250 0.0000
vt 7.6250 2.1250
vt 9.5625 2.1250
vt 993.8750 9.3437
vt 993.8750 11.2812
vt 995.8125 11.2812
vt 995.8125 9.3437
vt 993.8750 9.3437
vt 995.8125 9.3437
vt 995.8125 11.2812
vt 993.8750 11.2812
vt 993.8750 0.0000
vt 995.8125 0.0000
vt 995.8125 2.1250
vt 993.8750 2.1250
vt 995.8125 0.0000
vt 993.8750 0.0000
vt 993.8750 2.1250
vt 995.8125 2.1250
vt 9.3437 0.0000
vt 11.2812 0.0000
vt 11.2812 2.1250
vt 9.3437 2.1250
vt 11.2812 0.0000
vt 9.3437 0.0000
vt 9.3437 2.1250
vt 11.2812 2.1250
vt 1000.7500 9.3437
vt 1000.7500 11.2812
vt 1002.6875 11.2812
vt 1002.6875 9.3437
vt 1000.7500 9.3437
vt 1002.6875 9.3437
vt 1002.6875 11.2812
vt 1000.7500 11.2812
vt 1000.7500 0.0000
vt 1002.6875 0.0000
vt 1002.6875 2.1250
vt 1000.7500 2.1250
vt 1002.6875 0.0000
vt 1000.7500 0.0000
vt 1000.7500 2.1250
vt 1002.6875 2.1250
vt 9.3437 0.0000
vt 11.2812 0.0000
vt 11.2812 2.1250
vt 9.3437 2.1250
vt 11.2812 0.0000
vt 9.3437 0.0000
vt 9.3437 2.1250
vt 11.2812 2.1250
vt 1011.0625 9.3437
vt 1011.0625 11.2812
vt 1013.0000 11.2812
vt 1013.0000 9.3437
vt 1011.0625 9.3437
vt 1013.0000 9.3437
vt 1013.0000 11.2812
vt 1011.0625 11.2812
vt 1011.0625 0.0000
vt 1013.0000 0.0000
vt 1013.0000 2.1250
vt 1011.0625 2.1250
vt 1013.0000 0.0000
vt 1011.0625 0.0000
vt 1011.0625 2.1250
vt 1013.0000 2.1250
vt 9.3437 0.0000
vt 11.2812 0.0000
vt 11.2812 2.1250
vt 9.3437 2.1250
vt 11.2812 0.0000
vt 9.3437 0.0000
vt 9.3437 2.1250
vt 11.2812 2.1250
vt 993.8750 11.0625
vt 993.8750 13.0000
vt 995.8125 13.0000
vt 995.8125 11.0625
vt 993.8750 11.0625
vt 995.8125 11.0625
vt 995.8125 13.0000
vt 993.8750 13.0000
vt 993.8750 0.0000
vt 995.8125 0.0000
vt 995.8125 2.1250
vt 993.8750 2.1250
vt 995.8125 0.0000
vt 993.8750 0.0000
vt 993.8750 2.1250
vt 995.8125 2.1250
vt 11.0625 0.0000
vt 13.0000 0.0000
vt 13.0000 2.1250
vt 11.0625 2.1250
vt 13.0000 0.0000
vt 11.0625 0.0000
vt 11.0625 2.1250
vt 13.0000 2.1250
vt 997.3125 11.0625
vt 997.3125 13.0000
vt 999.2500 13.0000
vt 999.2500 11.0625
vt 997.3125 11.0625
vt 999.2500 11.0625
vt 999.2500 13.0000
vt 997.3125 13.0000
vt 997.3125 0.0000
vt 999.2500 0.0000
vt 999.2500 2.1250
vt 997.3125 2.1250
vt 999.2500 0.0000
vt 997.3125 0.0000
vt 997.3125 2.1250
vt 999.2500 2.1250
vt 11.0625 0.0000
vt 13.0000 0.0000
vt 13.0000 2.1250
vt 11.0625 2.1250
vt 13.0000 0.0000
vt 11.0625 0.0000
vt 11.0625 2.1250
vt 13.0000 2.1250
vt 1002.4688 11.0625
vt 1002.4688 13.0000
vt 1004.4062 13.0000
vt 1004.4062 11.0625
vt 1002.4688 11.0625
vt 1004.4062 11.0625
vt 1004.4062 13.0000
vt 1002.4688 13.0000
vt 1002.4688 0.0000
vt 1004.4062 0.0000
vt 1004.4062 2.1250
vt 1002.4688 2.1250
vt 1004.4062 0.0000
vt 1002.4688 0.0000
vt 1002.4688 2.1250
vt 1004.4062 2.1250
vt 11.0625 0.0000
vt 13.0000 0.0000
vt 13.0000 2.1250
vt 11.0625 2.1250
vt 13.0000 0.0000
vt 11.0625 0.0000
vt 11.0625 2.1250
vt 13.0000 2.1250
vt 1004.1875 11.0625
vt 1004.1875 13.0000
vt 1006.1250 13.0000
vt 1006.1250 11.0625
vt 1004.1875 11.0625
vt 1006.1250 11.0625
vt 1006.1250 13.0000
vt 1004.1875 13.0000
vt 1004.1875 0.0000
vt 1006.1250 0.0000
vt 1006.1250 2.1250
vt 1004.1875 2.1250
vt 1006.1250 0.0000
vt 1004.1875 0.0000
vt 1004.1875 2.1250
vt 1006.1250 2.1250
vt 11.0625 0.0000
vt 13.0000 0.0000
vt 13.0000 2.1250
vt 11.0625 2.1250
vt 13.0000 0.0000
vt 11.0625 0.0000
vt 11.0625 2.1250
vt 13.0000 2.1250
vt 1005.9062 11.0625
vt 1005.9062 13.0000
vt 1007.8437 13.0000
vt 1007.8437 11.0625
vt 1005.9062 11.0625
vt 1007.8437 11.0625
vt 1007.8437 13.0000
vt 1005.9062 13.0000
vt 1005.9062 0.0000
vt 1007.8437 0.0000
vt 1007.8437 2.1250
vt 1005.9062 2.1250
vt 1007.8437 0.0000
vt 1005.9062 0.0000
vt 1005.9062 2.1250
vt 1007.8437 2.1250
vt 11.0625 0.0000
vt 13.0000 0.0000
vt 13.0000 2.1250
vt 11.0625 2.1250
vt 13.0000 0.0000
vt 11.0625 0.0000
vt 11.0625 2.1250
vt 13.0000 2.1250
vt 1011.0625 11.0625
vt 1011.0625 13.0000
vt 1013.0000 13.0000
vt 1013.0000 11.0625
vt 1011.0625 11.0625
vt 1013.0000 11.0625
vt 1013.0000 13.0000
vt 1011.0625 13.0000
vt 1011.0625 0.0000
vt 1013.0000 0.0000
vt 1013.0000 2.1250
vt 1011.0625 2.1250
vt 1013.0000 0.0000
vt 1011.0625 0.0000
vt 1011.0625 2.1250
vt 1013.0000 2.1250
vt 11.0625 0.0000
vt 13.0000 0.0000
vt 13.0000 2.1250
vt 11.0625 2.1250
vt 13.0000 0.0000
vt 11.0625 0.0000
vt 11.0625 2.1250
vt 13.0000 2.1250
vt 997.3125 12.7812
vt 997.3125 14.7188
vt 999.2500 14.7188
vt 999.2500 12.7812
vt 997.3125 12.7812
vt 999.2500 12.7812
vt 999.2500 14.7188
vt 997.3125 14.7188
vt 997.3125 0.0000
vt 999.2500 0.0000
vt 999.2500 2.1250
vt 997.3125 2.1250
vt 999.2500 0.0000
vt 997.3125 0.0000
vt 997.3125 2.1250
vt 999.2500 2.1250
vt 12.7812 0.0000
vt 14.7188 0.0000
vt 14.7188 2.1250
vt 12.7812 2.1250
vt 14.7188 0.0000
vt 12.7812 0.0000
vt 12.7812 2.1250
vt 14.7188 2.1250
vt 1004.1875 12.7812
vt 1004.1875 14.7188
vt 1006.1250 14.7188
vt 1006.1250 12.7812
vt 1004.1875 12.7812
vt 1006.1250 12.7812
vt 1006.1250 14.7188
vt 1004.1875 14.7188
vt 1004.1875 0.0000
vt 1006.1250 0.0000
vt 1006.1250 2.1250
vt 1004.1875 2.1250
vt 1006.1250 0.0000
vt 1004.1875 0.0000
vt 1004.1875 2.1250
vt 1006.1250 2.1250
vt 12.7812 0.0000
vt 14.7188 0.0000
vt 14.7188 2.1250
vt 12.7812 2.1250
vt 14.7188 0.0000
vt 12.7812 0.0000
vt 12.7812 2.1250
vt 14.7188 2.1250
vt 1011.0625 12.7812
vt 1011.0625 14.7188
vt 1013.0000 14.7188
vt 1013.0000 12.7812
vt 1011.0625 12.7812
vt 1013.0000 12.7812
vt 1013.0000 14.7188
vt 1011.0625 14.7188
vt 1011.0625 0.0000
vt 1013.0000 0.0000
vt 1013.0000 2.1250
vt 1011.0625 2.1250
vt 1013.0000 0.0000
vt 1011.0625 0.0000
vt 1011.0625 2.1250
vt 1013.0000 2.1250
vt 12.7812 0.0000
vt 14.7188 0.0000
vt 14.7188 2.1250
vt 12.7812 2.1250
vt 14.7188 0.0000
vt 12.7812 0.0000
vt 12.7812 2.1250
vt 14.7188 2.1250
usemtl hotel_paper_alt
f 1 4 3 2
f 5 6 7 8
f 1 2 6 5
f 3 4 8 7
f 2 3 7 6
f 4 1 5 8
f 273 276 275 274
f 277 278 279 280
f 273 274 278 277
f 275 276 280 279
f 274 275 279 278
f 276 273 277 280
f 329 332 331 330
f 333 334 335 336
f 329 330 334 333
f 331 332 336 335
f 330 331 335 334
f 332 329 333 336
f 337 340 339 338
f 341 342 343 344
f 337 338 342 341
f 339 340 344 343
f 338 339 343 342
f 340 337 341 344
f 417 420 419 418
f 421 422 423 424
f 417 418 422 421
f 419 420 424 423
f 418 419 423 422
f 420 417 421 424
f 473 476 475 474
f 477 478 479 480
f 473 474 478 477
f 475 476 480 479
f 474 475 479 478
f 476 473 477 480
f 553 556 555 554
f 557 558 559 560
f 553 554 558 557
f 555 556 560 559
f 554 555 559 558
f 556 553 557 560
f 633 636 635 634
f 637 638 639 640
f 633 634 638 637
f 635 636 640 639
f 634 635 639 638
f 636 633 637 640
f 761 764 763 762
f 765 766 767 768
f 761 762 766 765
f 763 764 768 767
f 762 763 767 766
f 764 761 765 768
f 889 892 891 890
f 893 894 895 896
f 889 890 894 893
f 891 892 896 895
f 890 891 895 894
f 892 889 893 896
f 1137 1140 1139 1138
f 1141 1142 1143 1144
f 1137 1138 1142 1141
f 1139 1140 1144 1143
f 1138 1139 1143 1142
f 1140 1137 1141 1144
f 1217 1220 1219 1218
f 1221 1222 1223 1224
f 1217 1218 1222 1221
f 1219 1220 1224 1223
f 1218 1219 1223 1222
f 1220 1217 1221 1224
usemtl lamp_warm
f 1321 1324 1323 1322
f 1325 1326 1327 1328
f 1321 1322 1326 1325
f 1323 1324 1328 1327
f 1322 1323 1327 1326
f 1324 1321 1325 1328
usemtl hotel_trim
f 1329 1332 1331 1330
f 1333 1334 1335 1336
f 1329 1330 1334 1333
f 1331 1332 1336 1335
f 1330 1331 1335 1334
f 1332 1329 1333 1336
usemtl lamp_warm
f 1337 1340 1339 1338
f 1341 1342 1343 1344
f 1337 1338 1342 1341
f 1339 1340 1344 1343
f 1338 1339 1343 1342
f 1340 1337 1341 1344
usemtl hotel_trim
f 1345 1348 1347 1346
f 1349 1350 1351 1352
f 1345 1346 1350 1349
f 1347 1348 1352 1351
f 1346 1347 1351 1350
f 1348 1345 1349 1352
usemtl lamp_warm
f 1353 1356 1355 1354
f 1357 1358 1359 1360
f 1353 1354 1358 1357
f 1355 1356 1360 1359
f 1354 1355 1359 1358
f 1356 1353 1357 1360
usemtl hotel_trim
f 1361 1364 1363 1362
f 1365 1366 1367 1368
f 1361 1362 1366 1365
f 1363 1364 1368 1367
f 1362 1363 1367 1366
f 1364 1361 1365 1368
usemtl lamp_warm
f 1369 1372 1371 1370
f 1373 1374 1375 1376
f 1369 1370 1374 1373
f 1371 1372 1376 1375
f 1370 1371 1375 1374
f 1372 1369 1373 1376
usemtl hotel_trim
f 1377 1380 1379 1378
f 1381 1382 1383 1384
f 1377 1378 1382 1381
f 1379 1380 1384 1383
f 1378 1379 1383 1382
f 1380 1377 1381 1384
usemtl lamp_warm
f 1385 1388 1387 1386
f 1389 1390 1391 1392
f 1385 1386 1390 1389
f 1387 1388 1392 1391
f 1386 1387 1391 1390
f 1388 1385 1389 1392
usemtl hotel_trim
f 1393 1396 1395 1394
f 1397 1398 1399 1400
f 1393 1394 1398 1397
f 1395 1396 1400 1399
f 1394 1395 1399 1398
f 1396 1393 1397 1400
usemtl lamp_warm
f 1401 1404 1403 1402
f 1405 1406 1407 1408
f 1401 1402 1406 1405
f 1403 1404 1408 1407
f 1402 1403 1407 1406
f 1404 1401 1405 1408
usemtl hotel_trim
f 1409 1412 1411 1410
f 1413 1414 1415 1416
f 1409 1410 1414 1413
f 1411 1412 1416 1415
f 1410 1411 1415 1414
f 1412 1409 1413 1416
usemtl lamp_warm
f 1417 1420 1419 1418
f 1421 1422 1423 1424
f 1417 1418 1422 1421
f 1419 1420 1424 1423
f 1418 1419 1423 1422
f 1420 1417 1421 1424
usemtl hotel_trim
f 1425 1428 1427 1426
f 1429 1430 1431 1432
f 1425 1426 1430 1429
f 1427 1428 1432 1431
f 1426 1427 1431 1430
f 1428 1425 1429 1432
usemtl lamp_warm
f 1433 1436 1435 1434
f 1437 1438 1439 1440
f 1433 1434 1438 1437
f 1435 1436 1440 1439
f 1434 1435 1439 1438
f 1436 1433 1437 1440
usemtl hotel_trim
f 1441 1444 1443 1442
f 1445 1446 1447 1448
f 1441 1442 1446 1445
f 1443 1444 1448 1447
f 1442 1443 1447 1446
f 1444 1441 1445 1448
usemtl lamp_warm
f 1449 1452 1451 1450
f 1453 1454 1455 1456
f 1449 1450 1454 1453
f 1451 1452 1456 1455
f 1450 1451 1455 1454
f 1452 1449 1453 1456
usemtl hotel_trim
f 1457 1460 1459 1458
f 1461 1462 1463 1464
f 1457 1458 1462 1461
f 1459 1460 1464 1463
f 1458 1459 1463 1462
f 1460 1457 1461 1464
usemtl lamp_warm
f 1465 1468 1467 1466
f 1469 1470 1471 1472
f 1465 1466 1470 1469
f 1467 1468 1472 1471
f 1466 1467 1471 1470
f 1468 1465 1469 1472
usemtl hotel_trim
f 1473 1476 1475 1474
f 1477 1478 1479 1480
f 1473 1474 1478 1477
f 1475 1476 1480 1479
f 1474 1475 1479 1478
f 1476 1473 1477 1480
usemtl lamp_warm
f 1481 1484 1483 1482
f 1485 1486 1487 1488
f 1481 1482 1486 1485
f 1483 1484 1488 1487
f 1482 1483 1487 1486
f 1484 1481 1485 1488
usemtl hotel_trim
f 1489 1492 1491 1490
f 1493 1494 1495 1496
f 1489 1490 1494 1493
f 1491 1492 1496 1495
f 1490 1491 1495 1494
f 1492 1489 1493 1496
usemtl lamp_warm
f 1497 1500 1499 1498
f 1501 1502 1503 1504
f 1497 1498 1502 1501
f 1499 1500 1504 1503
f 1498 1499 1503 1502
f 1500 1497 1501 1504
usemtl hotel_trim
f 1505 1508 1507 1506
f 1509 1510 1511 1512
f 1505 1506 1510 1509
f 1507 1508 1512 1511
f 1506 1507 1511 1510
f 1508 1505 1509 1512
usemtl lamp_warm
f 1513 1516 1515 1514
f 1517 1518 1519 1520
f 1513 1514 1518 1517
f 1515 1516 1520 1519
f 1514 1515 1519 1518
f 1516 1513 1517 1520
usemtl hotel_trim
f 1521 1524 1523 1522
f 1525 1526 1527 1528
f 1521 1522 1526 1525
f 1523 1524 1528 1527
f 1522 1523 1527 1526
f 1524 1521 1525 1528
usemtl lamp_warm
f 1529 1532 1531 1530
f 1533 1534 1535 1536
f 1529 1530 1534 1533
f 1531 1532 1536 1535
f 1530 1531 1535 1534
f 1532 1529 1533 1536
usemtl hotel_trim
f 1537 1540 1539 1538
f 1541 1542 1543 1544
f 1537 1538 1542 1541
f 1539 1540 1544 1543
f 1538 1539 1543 1542
f 1540 1537 1541 1544
usemtl lamp_warm
f 1545 1548 1547 1546
f 1549 1550 1551 1552
f 1545 1546 1550 1549
f 1547 1548 1552 1551
f 1546 1547 1551 1550
f 1548 1545 1549 1552
usemtl hotel_trim
f 1553 1556 1555 1554
f 1557 1558 1559 1560
f 1553 1554 1558 1557
f 1555 1556 1560 1559
f 1554 1555 1559 1558
f 1556 1553 1557 1560
usemtl lamp_warm
f 1561 1564 1563 1562
f 1565 1566 1567 1568
f 1561 1562 1566 1565
f 1563 1564 1568 1567
f 1562 1563 1567 1566
f 1564 1561 1565 1568
usemtl hotel_trim
f 1569 1572 1571 1570
f 1573 1574 1575 1576
f 1569 1570 1574 1573
f 1571 1572 1576 1575
f 1570 1571 1575 1574
f 1572 1569 1573 1576
usemtl lamp_warm
f 1577 1580 1579 1578
f 1581 1582 1583 1584
f 1577 1578 1582 1581
f 1579 1580 1584 1583
f 1578 1579 1583 1582
f 1580 1577 1581 1584
usemtl hotel_trim
f 1585 1588 1587 1586
f 1589 1590 1591 1592
f 1585 1586 1590 1589
f 1587 1588 1592 1591
f 1586 1587 1591 1590
f 1588 1585 1589 1592
usemtl lamp_warm
f 1593 1596 1595 1594
f 1597 1598 1599 1600
f 1593 1594 1598 1597
f 1595 1596 1600 1599
f 1594 1595 1599 1598
f 1596 1593 1597 1600
usemtl hotel_trim
f 1601 1604 1603 1602
f 1605 1606 1607 1608
f 1601 1602 1606 1605
f 1603 1604 1608 1607
f 1602 1603 1607 1606
f 1604 1601 1605 1608
usemtl lamp_warm
f 1609 1612 1611 1610
f 1613 1614 1615 1616
f 1609 1610 1614 1613
f 1611 1612 1616 1615
f 1610 1611 1615 1614
f 1612 1609 1613 1616
usemtl hotel_trim
f 1617 1620 1619 1618
f 1621 1622 1623 1624
f 1617 1618 1622 1621
f 1619 1620 1624 1623
f 1618 1619 1623 1622
f 1620 1617 1621 1624
usemtl door_wood
f 1625 1628 1627 1626
f 1629 1630 1631 1632
f 1625 1626 1630 1629
f 1627 1628 1632 1631
f 1626 1627 1631 1630
f 1628 1625 1629 1632
usemtl door_brass
f 1633 1636 1635 1634
f 1637 1638 1639 1640
f 1633 1634 1638 1637
f 1635 1636 1640 1639
f 1634 1635 1639 1638
f 1636 1633 1637 1640
usemtl door_wood
f 1641 1644 1643 1642
f 1645 1646 1647 1648
f 1641 1642 1646 1645
f 1643 1644 1648 1647
f 1642 1643 1647 1646
f 1644 1641 1645 1648
usemtl door_brass
f 1649 1652 1651 1650
f 1653 1654 1655 1656
f 1649 1650 1654 1653
f 1651 1652 1656 1655
f 1650 1651 1655 1654
f 1652 1649 1653 1656
usemtl door_wood
f 1657 1660 1659 1658
f 1661 1662 1663 1664
f 1657 1658 1662 1661
f 1659 1660 1664 1663
f 1658 1659 1663 1662
f 1660 1657 1661 1664
usemtl door_brass
f 1665 1668 1667 1666
f 1669 1670 1671 1672
f 1665 1666 1670 1669
f 1667 1668 1672 1671
f 1666 1667 1671 1670
f 1668 1665 1669 1672
usemtl door_wood
f 1673 1676 1675 1674
f 1677 1678 1679 1680
f 1673 1674 1678 1677
f 1675 1676 1680 1679
f 1674 1675 1679 1678
f 1676 1673 1677 1680
usemtl door_brass
f 1681 1684 1683 1682
f 1685 1686 1687 1688
f 1681 1682 1686 1685
f 1683 1684 1688 1687
f 1682 1683 1687 1686
f 1684 1681 1685 1688
usemtl door_wood
f 1689 1692 1691 1690
f 1693 1694 1695 1696
f 1689 1690 1694 1693
f 1691 1692 1696 1695
f 1690 1691 1695 1694
f 1692 1689 1693 1696
usemtl door_brass
f 1697 1700 1699 1698
f 1701 1702 1703 1704
f 1697 1698 1702 1701
f 1699 1700 1704 1703
f 1698 1699 1703 1702
f 1700 1697 1701 1704
usemtl door_wood
f 1705 1708 1707 1706
f 1709 1710 1711 1712
f 1705 1706 1710 1709
f 1707 1708 1712 1711
f 1706 1707 1711 1710
f 1708 1705 1709 1712
usemtl door_brass
f 1713 1716 1715 1714
f 1717 1718 1719 1720
f 1713 1714 1718 1717
f 1715 1716 1720 1719
f 1714 1715 1719 1718
f 1716 1713 1717 1720
usemtl door_wood
f 1721 1724 1723 1722
f 1725 1726 1727 1728
f 1721 1722 1726 1725
f 1723 1724 1728 1727
f 1722 1723 1727 1726
f 1724 1721 1725 1728
usemtl door_brass
f 1729 1732 1731 1730
f 1733 1734 1735 1736
f 1729 1730 1734 1733
f 1731 1732 1736 1735
f 1730 1731 1735 1734
f 1732 1729 1733 1736
usemtl door_wood
f 1737 1740 1739 1738
f 1741 1742 1743 1744
f 1737 1738 1742 1741
f 1739 1740 1744 1743
f 1738 1739 1743 1742
f 1740 1737 1741 1744
usemtl door_brass
f 1745 1748 1747 1746
f 1749 1750 1751 1752
f 1745 1746 1750 1749
f 1747 1748 1752 1751
f 1746 1747 1751 1750
f 1748 1745 1749 1752
usemtl door_wood
f 1753 1756 1755 1754
f 1757 1758 1759 1760
f 1753 1754 1758 1757
f 1755 1756 1760 1759
f 1754 1755 1759 1758
f 1756 1753 1757 1760
usemtl door_brass
f 1761 1764 1763 1762
f 1765 1766 1767 1768
f 1761 1762 1766 1765
f 1763 1764 1768 1767
f 1762 1763 1767 1766
f 1764 1761 1765 1768
usemtl door_wood
f 1769 1772 1771 1770
f 1773 1774 1775 1776
f 1769 1770 1774 1773
f 1771 1772 1776 1775
f 1770 1771 1775 1774
f 1772 1769 1773 1776
usemtl door_brass
f 1777 1780 1779 1778
f 1781 1782 1783 1784
f 1777 1778 1782 1781
f 1779 1780 1784 1783
f 1778 1779 1783 1782
f 1780 1777 1781 1784
usemtl door_wood
f 1785 1788 1787 1786
f 1789 1790 1791 1792
f 1785 1786 1790 1789
f 1787 1788 1792 1791
f 1786 1787 1791 1790
f 1788 1785 1789 1792
usemtl door_brass
f 1793 1796 1795 1794
f 1797 1798 1799 1800
f 1793 1794 1798 1797
f 1795 1796 1800 1799
f 1794 1795 1799 1798
f 1796 1793 1797 1800
usemtl door_wood
f 1801 1804 1803 1802
f 1805 1806 1807 1808
f 1801 1802 1806 1805
f 1803 1804 1808 1807
f 1802 1803 1807 1806
f 1804 1801 1805 1808
usemtl door_brass
f 1809 1812 1811 1810
f 1813 1814 1815 1816
f 1809 1810 1814 1813
f 1811 1812 1816 1815
f 1810 1811 1815 1814
f 1812 1809 1813 1816
usemtl door_wood
f 1817 1820 1819 1818
f 1821 1822 1823 1824
f 1817 1818 1822 1821
f 1819 1820 1824 1823
f 1818 1819 1823 1822
f 1820 1817 1821 1824
usemtl door_brass
f 1825 1828 1827 1826
f 1829 1830 1831 1832
f 1825 1826 1830 1829
f 1827 1828 1832 1831
f 1826 1827 1831 1830
f 1828 1825 1829 1832
usemtl door_wood
f 1833 1836 1835 1834
f 1837 1838 1839 1840
f 1833 1834 1838 1837
f 1835 1836 1840 1839
f 1834 1835 1839 1838
f 1836 1833 1837 1840
usemtl door_brass
f 1841 1844 1843 1842
f 1845 1846 1847 1848
f 1841 1842 1846 1845
f 1843 1844 1848 1847
f 1842 1843 1847 1846
f 1844 1841 1845 1848
usemtl door_wood
f 1849 1852 1851 1850
f 1853 1854 1855 1856
f 1849 1850 1854 1853
f 1851 1852 1856 1855
f 1850 1851 1855 1854
f 1852 1849 1853 1856
usemtl door_brass
f 1857 1860 1859 1858
f 1861 1862 1863 1864
f 1857 1858 1862 1861
f 1859 1860 1864 1863
f 1858 1859 1863 1862
f 1860 1857 1861 1864
usemtl door_wood
f 1865 1868 1867 1866
f 1869 1870 1871 1872
f 1865 1866 1870 1869
f 1867 1868 1872 1871
f 1866 1867 1871 1870
f 1868 1865 1869 1872
usemtl door_brass
f 1873 1876 1875 1874
f 1877 1878 1879 1880
f 1873 1874 1878 1877
f 1875 1876 1880 1879
f 1874 1875 1879 1878
f 1876 1873 1877 1880
usemtl door_wood
f 1881 1884 1883 1882
f 1885 1886 1887 1888
f 1881 1882 1886 1885
f 1883 1884 1888 1887
f 1882 1883 1887 1886
f 1884 1881 1885 1888
usemtl door_brass
f 1889 1892 1891 1890
f 1893 1894 1895 1896
f 1889 1890 1894 1893
f 1891 1892 1896 1895
f 1890 1891 1895 1894
f 1892 1889 1893 1896
usemtl door_wood
f 1897 1900 1899 1898
f 1901 1902 1903 1904
f 1897 1898 1902 1901
f 1899 1900 1904 1903
f 1898 1899 1903 1902
f 1900 1897 1901 1904
usemtl door_brass
f 1905 1908 1907 1906
f 1909 1910 1911 1912
f 1905 1906 1910 1909
f 1907 1908 1912 1911
f 1906 1907 1911 1910
f 1908 1905 1909 1912
usemtl door_wood
f 1913 1916 1915 1914
f 1917 1918 1919 1920
f 1913 1914 1918 1917
f 1915 1916 1920 1919
f 1914 1915 1919 1918
f 1916 1913 1917 1920
usemtl door_brass
f 1921 1924 1923 1922
f 1925 1926 1927 1928
f 1921 1922 1926 1925
f 1923 1924 1928 1927
f 1922 1923 1927 1926
f 1924 1921 1925 1928
usemtl door_wood
f 1929 1932 1931 1930
f 1933 1934 1935 1936
f 1929 1930 1934 1933
f 1931 1932 1936 1935
f 1930 1931 1935 1934
f 1932 1929 1933 1936
usemtl door_brass
f 1937 1940 1939 1938
f 1941 1942 1943 1944
f 1937 1938 1942 1941
f 1939 1940 1944 1943
f 1938 1939 1943 1942
f 1940 1937 1941 1944
usemtl door_wood
f 1945 1948 1947 1946
f 1949 1950 1951 1952
f 1945 1946 1950 1949
f 1947 1948 1952 1951
f 1946 1947 1951 1950
f 1948 1945 1949 1952
usemtl door_brass
f 1953 1956 1955 1954
f 1957 1958 1959 1960
f 1953 1954 1958 1957
f 1955 1956 1960 1959
f 1954 1955 1959 1958
f 1956 1953 1957 1960
usemtl door_wood
f 1961 1964 1963 1962
f 1965 1966 1967 1968
f 1961 1962 1966 1965
f 1963 1964 1968 1967
f 1962 1963 1967 1966
f 1964 1961 1965 1968
usemtl door_brass
f 1969 1972 1971 1970
f 1973 1974 1975 1976
f 1969 1970 1974 1973
f 1971 1972 1976 1975
f 1970 1971 1975 1974
f 1972 1969 1973 1976
usemtl door_wood
f 1977 1980 1979 1978
f 1981 1982 1983 1984
f 1977 1978 1982 1981
f 1979 1980 1984 1983
f 1978 1979 1983 1982
f 1980 1977 1981 1984
usemtl door_brass
f 1985 1988 1987 1986
f 1989 1990 1991 1992
f 1985 1986 1990 1989
f 1987 1988 1992 1991
f 1986 1987 1991 1990
f 1988 1985 1989 1992
usemtl hotel_paper
f 9/1 10/2 11/3 12/4
f 13/5 14/6 15/7 16/8
f 17/9 18/10 19/11 20/12
f 21/13 22/14 23/15 24/16
f 25/17 26/18 27/19 28/20
f 29/21 30/22 31/23 32/24
f 33/25 34/26 35/27 36/28
f 37/29 38/30 39/31 40/32
f 41/33 42/34 43/35 44/36
f 45/37 46/38 47/39 48/40
f 49/41 50/42 51/43 52/44
f 53/45 54/46 55/47 56/48
f 57/49 58/50 59/51 60/52
f 61/53 62/54 63/55 64/56
f 65/57 66/58 67/59 68/60
f 69/61 70/62 71/63 72/64
f 73/65 74/66 75/67 76/68
f 77/69 78/70 79/71 80/72
f 81/73 82/74 83/75 84/76
f 85/77 86/78 87/79 88/80
f 89/81 90/82 91/83 92/84
f 93/85 94/86 95/87 96/88
f 97/89 98/90 99/91 100/92
f 101/93 102/94 103/95 104/96
f 105/97 106/98 107/99 108/100
f 109/101 110/102 111/103 112/104
f 113/105 114/106 115/107 116/108
f 117/109 118/110 119/111 120/112
f 121/113 122/114 123/115 124/116
f 125/117 126/118 127/119 128/120
f 129/121 130/122 131/123 132/124
f 133/125 134/126 135/127 136/128
f 137/129 138/130 139/131 140/132
f 141/133 142/134 143/135 144/136
f 145/137 146/138 147/139 148/140
f 149/141 150/142 151/143 152/144
f 153/145 154/146 155/147 156/148
f 157/149 158/150 159/151 160/152
f 161/153 162/154 163/155 164/156
f 165/157 166/158 167/159 168/160
f 169/161 170/162 171/163 172/164
f 173/165 174/166 175/167 176/168
f 177/169 178/170 179/171 180/172
f 181/173 182/174 183/175 184/176
f 185/177 186/178 187/179 188/180
f 189/181 190/182 191/183 192/184
f 193/185 194/186 195/187 196/188
f 197/189 198/190 199/191 200/192
f 201/193 202/194 203/195 204/196
f 205/197 206/198 207/199 208/200
f 209/201 210/202 211/203 212/204
f 213/205 214/206 215/207 216/208
f 217/209 218/210 219/211 220/212
f 221/213 222/214 223/215 224/216
f 225/217 226/218 227/219 228/220
f 229/221 230/222 231/223 232/224
f 233/225 234/226 235/227 236/228
f 237/229 238/230 239/231 240/232
f 241/233 242/234 243/235 244/236
f 245/237 246/238 247/239 248/240
f 249/241 250/242 251/243 252/244
f 253/245 254/246 255/247 256/248
f 257/249 258/250 259/251 260/252
f 261/253 262/254 263/255 264/256
f 265/257 266/258 267/259 268/260
f 269/261 270/262 271/263 272/264
f 281/265 282/266 283/267 284/268
f 285/269 286/270 287/271 288/272
f 289/273 290/274 291/275 292/276
f 293/277 294/278 295/279 296/280
f 297/281 298/282 299/283 300/284
f 301/285 302/286 303/287 304/288
f 305/289 306/290 307/291 308/292
f 309/293 310/294 311/295 312/296
f 313/297 314/298 315/299 316/300
f 317/301 318/302 319/303 320/304
f 321/305 322/306 323/307 324/308
f 325/309 326/310 327/311 328/312
f 345/313 346/314 347/315 348/316
f 349/317 350/318 351/319 352/320
f 353/321 354/322 355/323 356/324
f 357/325 358/326 359/327 360/328
f 361/329 362/330 363/331 364/332
f 365/333 366/334 367/335 368/336
f 369/337 370/338 371/339 372/340
f 373/341 374/342 375/343 376/344
f 377/345 378/346 379/347 380/348
f 381/349 382/350 383/351 384/352
f 385/353 386/354 387/355 388/356
f 389/357 390/358 391/359 392/360
f 393/361 394/362 395/363 396/364
f 397/365 398/366 399/367 400/368
f 401/369 402/370 403/371 404/372
f 405/373 406/374 407/375 408/376
f 409/377 410/378 411/379 412/380
f 413/381 414/382 415/383 416/384
f 425/385 426/386 427/387 428/388
f 429/389 430/390 431/391 432/392
f 433/393 434/394 435/395 436/396
f 437/397 438/398 439/399 440/400
f 441/401 442/402 443/403 444/404
f 445/405 446/406 447/407 448/408
f 449/409 450/410 451/411 452/412
f 453/413 454/414 455/415 456/416
f 457/417 458/418 459/419 460/420
f 461/421 462/422 463/423 464/424
f 465/425 466/426 467/427 468/428
f 469/429 470/430 471/431 472/432
f 481/433 482/434 483/435 484/436
f 485/437 486/438 487/439 488/440
f 489/441 490/442 491/443 492/444
f 493/445 494/446 495/447 496/448
f 497/449 498/450 499/451 500/452
f 501/453 502/454 503/455 504/456
f 505/457 506/458 507/459 508/460
f 509/461 510/462 511/463 512/464
f 513/465 514/466 515/467 516/468
f 517/469 518/470 519/471 520/472
f 521/473 522/474 523/475 524/476
f 525/477 526/478 527/479 528/480
f 529/481 530/482 531/483 532/484
f 533/485 534/486 535/487 536/488
f 537/489 538/490 539/491 540/492
f 541/493 542/494 543/495 544/496
f 545/497 546/498 547/499 548/500
f 549/501 550/502 551/503 552/504
f 561/505 562/506 563/507 564/508
f 565/509 566/510 567/511 568/512
f 569/513 570/514 571/515 572/516
f 573/517 574/518 575/519 576/520
f 577/521 578/522 579/523 580/524
f 581/525 582/526 583/527 584/528
f 585/529 586/530 587/531 588/532
f 589/533 590/534 591/535 592/536
f 593/537 594/538 595/539 596/540
f 597/541 598/542 599/543 600/544
f 601/545 602/546 603/547 604/548
f 605/549 606/550 607/551 608/552
f 609/553 610/554 611/555 612/556
f 613/557 614/558 615/559 616/560
f 617/561 618/562 619/563 620/564
f 621/565 622/566 623/567 624/568
f 625/569 626/570 627/571 628/572
f 629/573 630/574 631/575 632/576
f 641/577 642/578 643/579 644/580
f 645/581 646/582 647/583 648/584
f 649/585 650/586 651/587 652/588
f 653/589 654/590 655/591 656/592
f 657/593 658/594 659/595 660/596
f 661/597 662/598 663/599 664/600
f 665/601 666/602 667/603 668/604
f 669/605 670/606 671/607 672/608
f 673/609 674/610 675/611 676/612
f 677/613 678/614 679/615 680/616
f 681/617 682/618 683/619 684/620
f 685/621 686/622 687/623 688/624
f 689/625 690/626 691/627 692/628
f 693/629 694/630 695/631 696/632
f 697/633 698/634 699/635 700/636
f 701/637 702/638 703/639 704/640
f 705/641 706/642 707/643 708/644
f 709/645 710/646 711/647 712/648
f 713/649 714/650 715/651 716/652
f 717/653 718/654 719/655 720/656
f 721/657 722/658 723/659 724/660
f 725/661 726/662 727/663 728/664
f 729/665 730/666 731/667 732/668
f 733/669 734/670 735/671 736/672
f 737/673 738/674 739/675 740/676
f 741/677 742/678 743/679 744/680
f 745/681 746/682 747/683 748/684
f 749/685 750/686 751/687 752/688
f 753/689 754/690 755/691 756/692
f 757/693 758/694 759/695 760/696
f 769/697 770/698 771/699 772/700
f 773/701 774/702 775/703 776/704
f 777/705 778/706 779/707 780/708
f 781/709 782/710 783/711 784/712
f 785/713 786/714 787/715 788/716
f 789/717 790/718 791/719 792/720
f 793/721 794/722 795/723 796/724
f 797/725 798/726 799/727 800/728
f 801/729 802/730 803/731 804/732
f 805/733 806/734 807/735 808/736
f 809/737 810/738 811/739 812/740
f 813/741 814/742 815/743 816/744
f 817/745 818/746 819/747 820/748
f 821/749 822/750 823/751 824/752
f 825/753 826/754 827/755 828/756
f 829/757 830/758 831/759 832/760
f 833/761 834/762 835/763 836/764
f 837/765 838/766 839/767 840/768
f 841/769 842/770 843/771 844/772
f 845/773 846/774 847/775 848/776
f 849/777 850/778 851/779 852/780
f 853/781 854/782 855/783 856/784
f 857/785 858/786 859/787 860/788
f 861/789 862/790 863/791 864/792
f 865/793 866/794 867/795 868/796
f 869/797 870/798 871/799 872/800
f 873/801 874/802 875/803 876/804
f 877/805 878/806 879/807 880/808
f 881/809 882/810 883/811 884/812
f 885/813 886/814 887/815 888/816
f 897/817 898/818 899/819 900/820
f 901/821 902/822 903/823 904/824
f 905/825 906/826 907/827 908/828
f 909/829 910/830 911/831 912/832
f 913/833 914/834 915/835 916/836
f 917/837 918/838 919/839 920/840
f 921/841 922/842 923/843 924/844
f 925/845 926/846 927/847 928/848
f 929/849 930/850 931/851 932/852
f 933/853 934/854 935/855 936/856
f 937/857 938/858 939/859 940/860
f 941/861 942/862 943/863 944/864
f 945/865 946/866 947/867 948/868
f 949/869 950/870 951/871 952/872
f 953/873 954/874 955/875 956/876
f 957/877 958/878 959/879 960/880
f 961/881 962/882 963/883 964/884
f 965/885 966/886 967/887 968/888
f 969/889 970/890 971/891 972/892
f 973/893 974/894 975/895 976/896
f 977/897 978/898 979/899 980/900
f 981/901 982/902 983/903 984/904
f 985/905 986/906 987/907 988/908
f 989/909 990/910 991/911 992/912
f 993/913 994/914 995/915 996/916
f 997/917 998/918 999/919 1000/920
f 1001/921 1002/922 1003/923 1004/924
f 1005/925 1006/926 1007/927 1008/928
f 1009/929 1010/930 1011/931 1012/932
f 1013/933 1014/934 1015/935 1016/936
f 1017/937 1018/938 1019/939 1020/940
f 1021/941 1022/942 1023/943 1024/944
f 1025/945 1026/946 1027/947 1028/948
f 1029/949 1030/950 1031/951 1032/952
f 1033/953 1034/954 1035/955 1036/956
f 1037/957 1038/958 1039/959 1040/960
f 1041/961 1042/962 1043/963 1044/964
f 1045/965 1046/966 1047/967 1048/968
f 1049/969 1050/970 1051/971 1052/972
f 1053/973 1054/974 1055/975 1056/976
f 1057/977 1058/978 1059/979 1060/980
f 1061/981 1062/982 1063/983 1064/984
f 1065/985 1066/986 1067/987 1068/988
f 1069/989 1070/990 1071/991 1072/992
f 1073/993 1074/994 1075/995 1076/996
f 1077/997 1078/998 1079/999 1080/1000
f 1081/1001 1082/1002 1083/1003 1084/1004
f 1085/1005 1086/1006 1087/1007 1088/1008
f 1089/1009 1090/1010 1091/1011 1092/1012
f 1093/1013 1094/1014 1095/1015 1096/1016
f 1097/1017 1098/1018 1099/1019 1100/1020
f 1101/1021 1102/1022 1103/1023 1104/1024
f 1105/1025 1106/1026 1107/1027 1108/1028
f 1109/1029 1110/1030 1111/1031 1112/1032
f 1113/1033 1114/1034 1115/1035 1116/1036
f 1117/1037 1118/1038 1119/1039 1120/1040
f 1121/1041 1122/1042 1123/1043 1124/1044
f 1125/1045 1126/1046 1127/1047 1128/1048
f 1129/1049 1130/1050 1131/1051 1132/1052
f 1133/1053 1134/1054 1135/1055 1136/1056
f 1145/1057 1146/1058 1147/1059 1148/1060
f 1149/1061 1150/1062 1151/1063 1152/1064
f 1153/1065 1154/1066 1155/1067 1156/1068
f 1157/1069 1158/1070 1159/1071 1160/1072
f 1161/1073 1162/1074 1163/1075 1164/1076
f 1165/1077 1166/1078 1167/1079 1168/1080
f 1169/1081 1170/1082 1171/1083 1172/1084
f 1173/1085 1174/1086 1175/1087 1176/1088
f 1177/1089 1178/1090 1179/1091 1180/1092
f 1181/1093 1182/1094 1183/1095 1184/1096
f 1185/1097 1186/1098 1187/1099 1188/1100
f 1189/1101 1190/1102 1191/1103 1192/1104
f 1193/1105 1194/1106 1195/1107 1196/1108
f 1197/1109 1198/1110 1199/1111 1200/1112
f 1201/1113 1202/1114 1203/1115 1204/1116
f 1205/1117 1206/1118 1207/1119 1208/1120
f 1209/1121 1210/1122 1211/1123 1212/1124
f 1213/1125 1214/1126 1215/1127 1216/1128
f 1225/1129 1226/1130 1227/1131 1228/1132
f 1229/1133 1230/1134 1231/1135 1232/1136
f 1233/1137 1234/1138 1235/1139 1236/1140
f 1237/1141 1238/1142 1239/1143 1240/1144
f 1241/1145 1242/1146 1243/1147 1244/1148
f 1245/1149 1246/1150 1247/1151 1248/1152
f 1249/1153 1250/1154 1251/1155 1252/1156
f 1253/1157 1254/1158 1255/1159 1256/1160
f 1257/1161 1258/1162 1259/1163 1260/1164
f 1261/1165 1262/1166 1263/1167 1264/1168
f 1265/1169 1266/1170 1267/1171 1268/1172
f 1269/1173 1270/1174 1271/1175 1272/1176
f 1273/1177 1274/1178 1275/1179 1276/1180
f 1277/1181 1278/1182 1279/1183 1280/1184
f 1281/1185 1282/1186 1283/1187 1284/1188
f 1285/1189 1286/1190 1287/1191 1288/1192
f 1289/1193 1290/1194 1291/1195 1292/1196
f 1293/1197 1294/1198 1295/1199 1296/1200
f 1297/1201 1298/1202 1299/1203 1300/1204
f 1301/1205 1302/1206 1303/1207 1304/1208
f 1305/1209 1306/1210 1307/1211 1308/1212
f 1309/1213 1310/1214 1311/1215 1312/1216
f 1313/1217 1314/1218 1315/1219 1316/1220
f 1317/1221 1318/1222 1319/1223 1320/1224
